global_artifact_id,condition_id,task_id,source_type,difficulty_tier,task_family,selection_group,method,method_label,state_budget,run_index,run_started_at_utc,run_finished_at_utc,request_started_at_utc,request_finished_at_utc,latency_seconds,task_manifest_sha256,task_entry_sha256,scorer_oracle_manifest_sha256,scorer_oracle_sha256,prompt_hash,config_sha256,runner_sha256,parser_sha256,eval_harness_sha256,environment_hash_or_commit,requested_provider_or_access_path,provider,base_url,requested_model,selected_provider_or_endpoint,selected_model_or_returned_model,supported_parameter_snapshot_sha256,model_snapshot_proxy_sha256,decoding_parameter_freeze_sha256,temperature_send_mode,temperature_value,max_tokens,top_p_send_mode,top_p_value,top_k_send_mode,top_k_value,min_p_send_mode,min_p_value,top_a_send_mode,top_a_value,frequency_penalty_send_mode,frequency_penalty_value,presence_penalty_send_mode,presence_penalty_value,repetition_penalty_send_mode,repetition_penalty_value,stop_send_mode,stop_value_sha256,seed_send_mode,seed_value,stream,reasoning_disable_mode,reasoning_control_request_sha256,reasoning_tokens_observed,reasoning_tokens_source,reasoning_content_present,reasoning_content_sha256,fallback_enabled,tools_enabled,web_enabled,cache_policy,provider_not_exposed_fields,finish_reason,native_finish_reason,input_tokens,output_tokens,state_hard_cap_used,state_chars_before_budget,state_chars_after_budget,state_budget_violation,state_compaction_strategy,carry_forward_protocol_version,visible_carry_forward_used,visible_allowed_candidates,visible_candidates_before_compaction,visible_candidates_after_compaction,visible_candidates_preserved_in_state,visible_candidates_missing_from_state,compiled_carry_forward_fields_sha256,final_json_parse_success,final_json_parse_error,final_exact_success,missing_exact_tokens,present_exact_tokens,forbidden_token_leakage,forbidden_token_hits,forbidden_action_violation,forbidden_action_hits,boundary_violation,boundary_violation_hits,reliable_success,backend_error,backend_error_brief,gate_status,gate_reason,request_hash,response_metadata_sha256,usage_metadata_sha256,raw_response_sha256,parsed_output_sha256,private_raw_ref,private_raw_line_count,metric_record_sha256,manifest_entry_hash,h5_chain_hash
_probe_ecvs_deepseek_v4pro_frontier5_realswe5_rolling_visible_carry_forward_baseline_10task_1method_3budget_1run:deepseek_v4pro:rolling_visible_carry_forward:final_main_v1_18_actual_frontier_diagnostic_test_integrity:budget_1200:run_1,deepseek_v4pro,final_main_v1_18_actual_frontier_diagnostic_test_integrity,diagnostic_controlled,frontier_hard,test_integrity,frontier_hard_non_real,rolling_visible_carry_forward,rolling_visible_carry_forward,1200,1,2026-06-19T07:58:33.607659+00:00,2026-06-19T07:59:18.196099+00:00,2026-06-19T07:58:33.607810+00:00,2026-06-19T07:59:18.191363+00:00,44.561,0c34b9d65f290c5ae1f69df62f807131b12af880fb7f25e76a971df0793a03fe,a3e3bfd0c5952ef5854a04d4f2333de4afafd36743ef6b5c62318280826d318d,2b8d54b172b2fe3b62220252d612c8f62cddb7b7e3ed8b9bc4d31ce97df85c30,aed6cda60eecbe60e8b54994849d3c5d0450d2dd16c19a2950b5a4f89b962a70,1bb1d62433e33f26f2ff25324407c6c5bf89ee377eb9714295e8e59d71437b77,5455ebac52e6b4eb9965c804dd23287f2e44a8fc451513adf963bcf5be424a96,c0e7972c42325aa42eac89da88f4160d69fe112e70ebe64ec53e5f8f3b27118e,c0e7972c42325aa42eac89da88f4160d69fe112e70ebe64ec53e5f8f3b27118e,c0e7972c42325aa42eac89da88f4160d69fe112e70ebe64ec53e5f8f3b27118e,3462c72e51bf86df6bb36b536cb2495fa0e1a53837f5e44f68234abeafe4f082,direct_provider,deepseek,https://api.deepseek.com,deepseek-v4-pro,https://api.deepseek.com/chat/completions,deepseek-v4-pro,af6dd196169070b2b926275689a75765a306d3a3b4609f6fb59a12aa968c926c,e6b81d4575f8bea2852d75a173eff1bb334fa7dd1f0729c7daf4624bc149aae6,732540d4d91cbaf77c5d80073d4d09740fd99c7f0d728d9f161b53753b90f6cd,explicit,0,4096,omitted,,omitted,,omitted,,omitted,,omitted,,omitted,,omitted,,omitted,,omitted,,False,thinking.type=disabled,ffe557f53c63f7d0f7e35f80c03f61d8b3548db9e4f51e8dda020b28a920d875,provider_not_exposed,provider_not_exposed,False,,False,False,False,disabled,,stop;stop;stop;stop;stop;stop;stop;stop;stop;stop;stop;stop;stop,stop;stop;stop;stop;stop;stop;stop;stop;stop;stop;stop;stop;stop,8437,2859,0,1061,228,0,visible_carry_forward_compactor,rolling_visible_identifier_carry_forward_v1_ecvs_safe_visible_only,1,9,9,9,9,0,1f14a1acfab1a796fc1bdef43b06fa82141085390d1b86cf168f69f24a59271e,1,,1,[],"[""REQ_18_96MH7JVM"", ""LOCK_18_MVJ7H"", ""SCOPE_18_MH7JV"", ""CHECK_18_6MH7J"", ""ANCHOR_18_H7JVM"", ""EDGE_18_7JVM"", ""FRONTIER_18_MVJ7HM"", ""MERGE_18_96MVM"", ""VERIFY_18_H7JVM""]",0,[],0,[],0,[],1,0,,clean,,d6656a95253d86e16795508742a2d4e4e6236e24a03cc0280758a0904bbf149e,57471d5c4fa72b89cddfbfd3a0537027948dd080487ff1617195a2b81e678147,2ab2e184e7c0941fb537e797c91000a079b67afbac29b70103019a2501208d49,b263899938e77da308f187512639b2a5ec72c60d696cedadc138ebfc7586af2c,123a06e62bbe6b1a2fb1348ed80e753e73ed4b29f79cb0c55a8368bdd4796448,released_raw_outputs/model_outputs/_probe_ecvs_deepseek_v4pro_frontier5_realswe5_rolling_visible_carry_forward_baseline_10task_1method_3budget_1run/deepseek/rolling_visible_carry_forward__final_main_v1_18_actual_frontier_diagnostic_test_integrity__run_1__budget_1200.jsonl,13,96e552a28a1eb5c149db7054f4755be88f26f0d5e186e93615b26b1fea251957,ad718e8091b320a697026ea51e961a2ef6ae721feb5bbbfa2278866d29e3cab7,89849e9330fc3139ed157a86f46b4a9425b80dafc2f53d6a0e27cfa50a5fa76a
_probe_ecvs_deepseek_v4pro_frontier5_realswe5_rolling_visible_carry_forward_baseline_10task_1method_3budget_1run:deepseek_v4pro:rolling_visible_carry_forward:final_main_v1_18_actual_frontier_diagnostic_test_integrity:budget_300:run_1,deepseek_v4pro,final_main_v1_18_actual_frontier_diagnostic_test_integrity,diagnostic_controlled,frontier_hard,test_integrity,frontier_hard_non_real,rolling_visible_carry_forward,rolling_visible_carry_forward,300,1,2026-06-19T07:58:31.310072+00:00,2026-06-19T07:58:59.336541+00:00,2026-06-19T07:58:31.310179+00:00,2026-06-19T07:58:59.334922+00:00,28.008,0c34b9d65f290c5ae1f69df62f807131b12af880fb7f25e76a971df0793a03fe,a3e3bfd0c5952ef5854a04d4f2333de4afafd36743ef6b5c62318280826d318d,2b8d54b172b2fe3b62220252d612c8f62cddb7b7e3ed8b9bc4d31ce97df85c30,aed6cda60eecbe60e8b54994849d3c5d0450d2dd16c19a2950b5a4f89b962a70,ccdde393bbbc5d921da8f0d98e3a19a49be1292129d2070547a968aa2d5d7ff0,5455ebac52e6b4eb9965c804dd23287f2e44a8fc451513adf963bcf5be424a96,c0e7972c42325aa42eac89da88f4160d69fe112e70ebe64ec53e5f8f3b27118e,c0e7972c42325aa42eac89da88f4160d69fe112e70ebe64ec53e5f8f3b27118e,c0e7972c42325aa42eac89da88f4160d69fe112e70ebe64ec53e5f8f3b27118e,3462c72e51bf86df6bb36b536cb2495fa0e1a53837f5e44f68234abeafe4f082,direct_provider,deepseek,https://api.deepseek.com,deepseek-v4-pro,https://api.deepseek.com/chat/completions,deepseek-v4-pro,af6dd196169070b2b926275689a75765a306d3a3b4609f6fb59a12aa968c926c,e6b81d4575f8bea2852d75a173eff1bb334fa7dd1f0729c7daf4624bc149aae6,732540d4d91cbaf77c5d80073d4d09740fd99c7f0d728d9f161b53753b90f6cd,explicit,0,4096,omitted,,omitted,,omitted,,omitted,,omitted,,omitted,,omitted,,omitted,,omitted,,False,thinking.type=disabled,ffe557f53c63f7d0f7e35f80c03f61d8b3548db9e4f51e8dda020b28a920d875,provider_not_exposed,provider_not_exposed,False,,False,False,False,disabled,,stop;stop;stop;stop;stop;stop;stop;stop;stop;stop;stop;stop;stop,stop;stop;stop;stop;stop;stop;stop;stop;stop;stop;stop;stop;stop,6753,1719,0,378,228,1,visible_carry_forward_compactor,rolling_visible_identifier_carry_forward_v1_ecvs_safe_visible_only,1,9,9,9,9,0,1f14a1acfab1a796fc1bdef43b06fa82141085390d1b86cf168f69f24a59271e,1,,1,[],"[""REQ_18_96MH7JVM"", ""LOCK_18_MVJ7H"", ""SCOPE_18_MH7JV"", ""CHECK_18_6MH7J"", ""ANCHOR_18_H7JVM"", ""EDGE_18_7JVM"", ""FRONTIER_18_MVJ7HM"", ""MERGE_18_96MVM"", ""VERIFY_18_H7JVM""]",0,[],0,[],0,[],1,0,,clean,,3e6516b76a701a9c4c6386f1d368dcd2d459de599bb38b8542f2bdd744de5255,db59e9c486ef1ef6b2f1143fa527c80bf2327a9ce291d4102d481e60e6f13d46,f325faa5fff802d85621f488280c78b699bfea552b3ce8fd743ffbb11271b6c2,ebe9b0dc455f89778b5617d2653386d5867e212420aca92ddaae9e544bf915a7,4e7361922ec0ec3e4b14fcf228a0d2a3b863bbeaa17801fe7df2ed70f5e36323,released_raw_outputs/model_outputs/_probe_ecvs_deepseek_v4pro_frontier5_realswe5_rolling_visible_carry_forward_baseline_10task_1method_3budget_1run/deepseek/rolling_visible_carry_forward__final_main_v1_18_actual_frontier_diagnostic_test_integrity__run_1__budget_300.jsonl,13,07772efdcc28b8f1dcdd5a28e93b1f594b052009242eb169deb0685ee7032be5,9388fab9a78b20bc53ce9886794834130b56cc043849fcb8286a3dbcbfba7f13,918e0182e4c3b8d1a4a89167fd630ae3d0bc5b74dc0a31b86aecd41549afd52c
_probe_ecvs_deepseek_v4pro_frontier5_realswe5_rolling_visible_carry_forward_baseline_10task_1method_3budget_1run:deepseek_v4pro:rolling_visible_carry_forward:final_main_v1_18_actual_frontier_diagnostic_test_integrity:budget_600:run_1,deepseek_v4pro,final_main_v1_18_actual_frontier_diagnostic_test_integrity,diagnostic_controlled,frontier_hard,test_integrity,frontier_hard_non_real,rolling_visible_carry_forward,rolling_visible_carry_forward,600,1,2026-06-19T07:58:31.744073+00:00,2026-06-19T07:59:03.376637+00:00,2026-06-19T07:58:31.744173+00:00,2026-06-19T07:59:03.371107+00:00,31.606,0c34b9d65f290c5ae1f69df62f807131b12af880fb7f25e76a971df0793a03fe,a3e3bfd0c5952ef5854a04d4f2333de4afafd36743ef6b5c62318280826d318d,2b8d54b172b2fe3b62220252d612c8f62cddb7b7e3ed8b9bc4d31ce97df85c30,aed6cda60eecbe60e8b54994849d3c5d0450d2dd16c19a2950b5a4f89b962a70,b5cecf2014152fc797add1403ee5f9a7140bc9a7f5cc45d82ac298c15fbb3e72,5455ebac52e6b4eb9965c804dd23287f2e44a8fc451513adf963bcf5be424a96,c0e7972c42325aa42eac89da88f4160d69fe112e70ebe64ec53e5f8f3b27118e,c0e7972c42325aa42eac89da88f4160d69fe112e70ebe64ec53e5f8f3b27118e,c0e7972c42325aa42eac89da88f4160d69fe112e70ebe64ec53e5f8f3b27118e,3462c72e51bf86df6bb36b536cb2495fa0e1a53837f5e44f68234abeafe4f082,direct_provider,deepseek,https://api.deepseek.com,deepseek-v4-pro,https://api.deepseek.com/chat/completions,deepseek-v4-pro,af6dd196169070b2b926275689a75765a306d3a3b4609f6fb59a12aa968c926c,e6b81d4575f8bea2852d75a173eff1bb334fa7dd1f0729c7daf4624bc149aae6,732540d4d91cbaf77c5d80073d4d09740fd99c7f0d728d9f161b53753b90f6cd,explicit,0,4096,omitted,,omitted,,omitted,,omitted,,omitted,,omitted,,omitted,,omitted,,omitted,,False,thinking.type=disabled,ffe557f53c63f7d0f7e35f80c03f61d8b3548db9e4f51e8dda020b28a920d875,provider_not_exposed,provider_not_exposed,False,,False,False,False,disabled,,stop;stop;stop;stop;stop;stop;stop;stop;stop;stop;stop;stop;stop,stop;stop;stop;stop;stop;stop;stop;stop;stop;stop;stop;stop;stop,7600,2045,0,398,589,0,visible_carry_forward_compactor,rolling_visible_identifier_carry_forward_v1_ecvs_safe_visible_only,1,9,9,9,9,0,5cfcca08da457be9f09ac0cbf567c66d6c5fce4a6afc6fdc90e55f26bff91e00,1,,1,[],"[""REQ_18_96MH7JVM"", ""LOCK_18_MVJ7H"", ""SCOPE_18_MH7JV"", ""CHECK_18_6MH7J"", ""ANCHOR_18_H7JVM"", ""EDGE_18_7JVM"", ""FRONTIER_18_MVJ7HM"", ""MERGE_18_96MVM"", ""VERIFY_18_H7JVM""]",0,[],0,[],0,[],1,0,,clean,,a93a3b108dbb6add5562f04d4c68b575937413b16f7aaecbd0f9b7c735bb3b7f,4d2d6d340f8e26515402b6557c23e0fcd27d5b194ede233d4b6808b85826af5a,c35df80b665287834c0fb0f97918a0f5fc2ea6f6078d74c82fa512b828034662,8a82e8c38566f37cb8de666371ab2245089f9c76938dc4112b01fe7dad63d919,d14ca616dd3c56ea5e54e6ac81c8d353f9eac98f3f63743bc33ed5588e0eeacd,released_raw_outputs/model_outputs/_probe_ecvs_deepseek_v4pro_frontier5_realswe5_rolling_visible_carry_forward_baseline_10task_1method_3budget_1run/deepseek/rolling_visible_carry_forward__final_main_v1_18_actual_frontier_diagnostic_test_integrity__run_1__budget_600.jsonl,13,d84312cc668e001cdab20f08ea9a60bedb7ac1801d102a4b9470932952e2e06a,b66aa9f2c22c757d78a8ec13b4bd51ef50856694061299724da8148efde0ecb7,8ffbe58db6e912b456c403bc4b6e19f25f008f613a964bd91a417635ed2be06b
_probe_ecvs_deepseek_v4pro_frontier5_realswe5_rolling_visible_carry_forward_baseline_10task_1method_3budget_1run:deepseek_v4pro:rolling_visible_carry_forward:final_main_v1_19_actual_frontier_diagnostic_workflow_alias_binding:budget_1200:run_1,deepseek_v4pro,final_main_v1_19_actual_frontier_diagnostic_workflow_alias_binding,diagnostic_controlled,frontier_hard,workflow_alias_binding,frontier_hard_non_real,rolling_visible_carry_forward,rolling_visible_carry_forward,1200,1,2026-06-19T07:58:02.604371+00:00,2026-06-19T07:58:45.353888+00:00,2026-06-19T07:58:02.604408+00:00,2026-06-19T07:58:45.347972+00:00,42.722,0c34b9d65f290c5ae1f69df62f807131b12af880fb7f25e76a971df0793a03fe,6579a56c7897e95a3900dc8068609a2a881dcb803ecfc2072159592acaa394a6,2b8d54b172b2fe3b62220252d612c8f62cddb7b7e3ed8b9bc4d31ce97df85c30,815e3b10a3a7beb2e4ae7239ac55650d0a2c9a8dc6ccbdeb1f2cfeddc3f54276,16372ec4ad4d7fa9d9e7d46d751144c7f2eab5d40ac6644d5c8ba6bbbd0b9ab5,5455ebac52e6b4eb9965c804dd23287f2e44a8fc451513adf963bcf5be424a96,c0e7972c42325aa42eac89da88f4160d69fe112e70ebe64ec53e5f8f3b27118e,c0e7972c42325aa42eac89da88f4160d69fe112e70ebe64ec53e5f8f3b27118e,c0e7972c42325aa42eac89da88f4160d69fe112e70ebe64ec53e5f8f3b27118e,3462c72e51bf86df6bb36b536cb2495fa0e1a53837f5e44f68234abeafe4f082,direct_provider,deepseek,https://api.deepseek.com,deepseek-v4-pro,https://api.deepseek.com/chat/completions,deepseek-v4-pro,af6dd196169070b2b926275689a75765a306d3a3b4609f6fb59a12aa968c926c,e6b81d4575f8bea2852d75a173eff1bb334fa7dd1f0729c7daf4624bc149aae6,732540d4d91cbaf77c5d80073d4d09740fd99c7f0d728d9f161b53753b90f6cd,explicit,0,4096,omitted,,omitted,,omitted,,omitted,,omitted,,omitted,,omitted,,omitted,,omitted,,False,thinking.type=disabled,ffe557f53c63f7d0f7e35f80c03f61d8b3548db9e4f51e8dda020b28a920d875,provider_not_exposed,provider_not_exposed,False,,False,False,False,disabled,,stop;stop;stop;stop;stop;stop;stop;stop;stop;stop;stop;stop;stop,stop;stop;stop;stop;stop;stop;stop;stop;stop;stop;stop;stop;stop,9064,3205,0,429,664,0,visible_carry_forward_compactor,rolling_visible_identifier_carry_forward_v1_ecvs_safe_visible_only,1,9,9,9,9,0,a18e3e14ded3da776886b4bc741dac6a277ce1748627bab2826c0e122c676176,1,,1,[],"[""REQ_19_RWR38MD6"", ""LOCK_19_6DM83"", ""SCOPE_19_R38MD"", ""CHECK_19_WR38M"", ""ANCHOR_19_38MD6"", ""EDGE_19_8MD6"", ""FRONTIER_19_6DM83R"", ""MERGE_19_RWRD6"", ""VERIFY_19_38MD6""]",0,[],0,[],0,[],1,0,,clean,,0cd732b49c278e817af6478d5ae240c4e9bd0f9a459ce89d1efc90d8fc4e31a0,bc2f390230a2c196ec1380787516733be5f0f0191d7682564a83b8898192c07f,037ceaf09b2618a80d71fc85d58d83f58a794ebf42a9037ff4c966574b96a79a,28749a1f929f7770513e1284ca722f5719debaed9baa66219ec67699fe31e249,f2e7401e0000d714325a9cf09688cdfc1a174365b30ac3f298bbd2ef584a64ba,released_raw_outputs/model_outputs/_probe_ecvs_deepseek_v4pro_frontier5_realswe5_rolling_visible_carry_forward_baseline_10task_1method_3budget_1run/deepseek/rolling_visible_carry_forward__final_main_v1_19_actual_frontier_diagnostic_workflow_alias_binding__run_1__budget_1200.jsonl,13,bbfd3bc60babef33d92961a326fa70e4c7febfd5a2274e331c770e67fbeb2d33,eca4cea4a39b93e0d6b599131838c1be886e78fa039dd42f2dd53c8bb1b83d59,2c21e407f273fa21b7fa17c3fc0b84a38eb6b849c71149f7fe6e56403805d5f0
_probe_ecvs_deepseek_v4pro_frontier5_realswe5_rolling_visible_carry_forward_baseline_10task_1method_3budget_1run:deepseek_v4pro:rolling_visible_carry_forward:final_main_v1_19_actual_frontier_diagnostic_workflow_alias_binding:budget_300:run_1,deepseek_v4pro,final_main_v1_19_actual_frontier_diagnostic_workflow_alias_binding,diagnostic_controlled,frontier_hard,workflow_alias_binding,frontier_hard_non_real,rolling_visible_carry_forward,rolling_visible_carry_forward,300,1,2026-06-19T07:58:02.604018+00:00,2026-06-19T07:58:30.250759+00:00,2026-06-19T07:58:02.604071+00:00,2026-06-19T07:58:30.244939+00:00,27.623,0c34b9d65f290c5ae1f69df62f807131b12af880fb7f25e76a971df0793a03fe,6579a56c7897e95a3900dc8068609a2a881dcb803ecfc2072159592acaa394a6,2b8d54b172b2fe3b62220252d612c8f62cddb7b7e3ed8b9bc4d31ce97df85c30,815e3b10a3a7beb2e4ae7239ac55650d0a2c9a8dc6ccbdeb1f2cfeddc3f54276,837409541a0c681ecff0e46eff3ed46f7d547736efb8a439106ced3671814442,5455ebac52e6b4eb9965c804dd23287f2e44a8fc451513adf963bcf5be424a96,c0e7972c42325aa42eac89da88f4160d69fe112e70ebe64ec53e5f8f3b27118e,c0e7972c42325aa42eac89da88f4160d69fe112e70ebe64ec53e5f8f3b27118e,c0e7972c42325aa42eac89da88f4160d69fe112e70ebe64ec53e5f8f3b27118e,3462c72e51bf86df6bb36b536cb2495fa0e1a53837f5e44f68234abeafe4f082,direct_provider,deepseek,https://api.deepseek.com,deepseek-v4-pro,https://api.deepseek.com/chat/completions,deepseek-v4-pro,af6dd196169070b2b926275689a75765a306d3a3b4609f6fb59a12aa968c926c,e6b81d4575f8bea2852d75a173eff1bb334fa7dd1f0729c7daf4624bc149aae6,732540d4d91cbaf77c5d80073d4d09740fd99c7f0d728d9f161b53753b90f6cd,explicit,0,4096,omitted,,omitted,,omitted,,omitted,,omitted,,omitted,,omitted,,omitted,,omitted,,False,thinking.type=disabled,ffe557f53c63f7d0f7e35f80c03f61d8b3548db9e4f51e8dda020b28a920d875,provider_not_exposed,provider_not_exposed,False,,False,False,False,disabled,,stop;stop;stop;stop;stop;stop;stop;stop;stop;stop;stop;stop;stop,stop;stop;stop;stop;stop;stop;stop;stop;stop;stop;stop;stop;stop,6722,1482,0,378,228,1,visible_carry_forward_compactor,rolling_visible_identifier_carry_forward_v1_ecvs_safe_visible_only,1,9,9,9,9,0,09ff364d803e9ae17599751d95be3c778479e2f9dd3a451f3d8bf1a73013a57e,1,,1,[],"[""REQ_19_RWR38MD6"", ""LOCK_19_6DM83"", ""SCOPE_19_R38MD"", ""CHECK_19_WR38M"", ""ANCHOR_19_38MD6"", ""EDGE_19_8MD6"", ""FRONTIER_19_6DM83R"", ""MERGE_19_RWRD6"", ""VERIFY_19_38MD6""]",0,[],0,[],0,[],1,0,,clean,,36156ec43165d0fab045fd406431a9539e707437e6e110dfb898c3808b21f90b,77c49b77bf8dbffbca3ddcecd44af2ebed02a6039e0aa9c74c683e2e7df2cd32,b107393e0cc37c79fd82dfe094b4d93c795606d5b409749e0ca250ce5b116a10,e15f5d8f576b044f1664d31cd423c6c79c74317dc9490a111b17fe23ec64b093,24e01b9a24ff3a90f8432c9d33be10c5f1308aac6d6f52751ddabfc8ab0bfcd9,released_raw_outputs/model_outputs/_probe_ecvs_deepseek_v4pro_frontier5_realswe5_rolling_visible_carry_forward_baseline_10task_1method_3budget_1run/deepseek/rolling_visible_carry_forward__final_main_v1_19_actual_frontier_diagnostic_workflow_alias_binding__run_1__budget_300.jsonl,13,9f23d41f9b4650ffc104db9747aecd65a47205ccb895336af6c1d2d6d2633f36,3ec73fefb8fdc9afdcd292498259343f789649d0282af77884601ed369d0ec4c,a4e074d51792c9ddd2684ae3b37d77f9f17fb9397895e7e95c5cdc4442976ede
_probe_ecvs_deepseek_v4pro_frontier5_realswe5_rolling_visible_carry_forward_baseline_10task_1method_3budget_1run:deepseek_v4pro:rolling_visible_carry_forward:final_main_v1_19_actual_frontier_diagnostic_workflow_alias_binding:budget_600:run_1,deepseek_v4pro,final_main_v1_19_actual_frontier_diagnostic_workflow_alias_binding,diagnostic_controlled,frontier_hard,workflow_alias_binding,frontier_hard_non_real,rolling_visible_carry_forward,rolling_visible_carry_forward,600,1,2026-06-19T07:58:02.603357+00:00,2026-06-19T07:58:33.606402+00:00,2026-06-19T07:58:02.603442+00:00,2026-06-19T07:58:33.601669+00:00,30.972,0c34b9d65f290c5ae1f69df62f807131b12af880fb7f25e76a971df0793a03fe,6579a56c7897e95a3900dc8068609a2a881dcb803ecfc2072159592acaa394a6,2b8d54b172b2fe3b62220252d612c8f62cddb7b7e3ed8b9bc4d31ce97df85c30,815e3b10a3a7beb2e4ae7239ac55650d0a2c9a8dc6ccbdeb1f2cfeddc3f54276,e2cafc3b7e8c2f5360570473ff377460f176fa83d5fb663f85dc261c2835907d,5455ebac52e6b4eb9965c804dd23287f2e44a8fc451513adf963bcf5be424a96,c0e7972c42325aa42eac89da88f4160d69fe112e70ebe64ec53e5f8f3b27118e,c0e7972c42325aa42eac89da88f4160d69fe112e70ebe64ec53e5f8f3b27118e,c0e7972c42325aa42eac89da88f4160d69fe112e70ebe64ec53e5f8f3b27118e,3462c72e51bf86df6bb36b536cb2495fa0e1a53837f5e44f68234abeafe4f082,direct_provider,deepseek,https://api.deepseek.com,deepseek-v4-pro,https://api.deepseek.com/chat/completions,deepseek-v4-pro,af6dd196169070b2b926275689a75765a306d3a3b4609f6fb59a12aa968c926c,e6b81d4575f8bea2852d75a173eff1bb334fa7dd1f0729c7daf4624bc149aae6,732540d4d91cbaf77c5d80073d4d09740fd99c7f0d728d9f161b53753b90f6cd,explicit,0,4096,omitted,,omitted,,omitted,,omitted,,omitted,,omitted,,omitted,,omitted,,omitted,,False,thinking.type=disabled,ffe557f53c63f7d0f7e35f80c03f61d8b3548db9e4f51e8dda020b28a920d875,provider_not_exposed,provider_not_exposed,False,,False,False,False,disabled,,stop;stop;stop;stop;stop;stop;stop;stop;stop;stop;stop;stop;stop,stop;stop;stop;stop;stop;stop;stop;stop;stop;stop;stop;stop;stop,7562,1964,0,385,576,0,visible_carry_forward_compactor,rolling_visible_identifier_carry_forward_v1_ecvs_safe_visible_only,1,9,9,9,9,0,1e02aeec0c6621ab8be2cdf28c6231759ec0fc3eb7c6b079ef0c8cbb66083a85,1,,1,[],"[""REQ_19_RWR38MD6"", ""LOCK_19_6DM83"", ""SCOPE_19_R38MD"", ""CHECK_19_WR38M"", ""ANCHOR_19_38MD6"", ""EDGE_19_8MD6"", ""FRONTIER_19_6DM83R"", ""MERGE_19_RWRD6"", ""VERIFY_19_38MD6""]",0,[],0,[],0,[],1,0,,clean,,6f101a205d3514ab2eb760ce930b61ea9bb2195b405601e22285334b1a104c3b,6aae8bf2ab90d77436f63a221edf513de7b224d781b5ac56ca247e8b0c4f1c3a,b5ba9412c4edf127ef88d03caf11b19b3a50725e5c6ac77c06a876463c351d24,fc7fe2f250a3e8de734a7c64ef0e94a6fa14e78f02c3f7863dc8afde04388780,90a16a81cb2f45d4d1205d1348f0a50084c2b2e02ab88cb96ebb32d12ba5a0b9,released_raw_outputs/model_outputs/_probe_ecvs_deepseek_v4pro_frontier5_realswe5_rolling_visible_carry_forward_baseline_10task_1method_3budget_1run/deepseek/rolling_visible_carry_forward__final_main_v1_19_actual_frontier_diagnostic_workflow_alias_binding__run_1__budget_600.jsonl,13,62892d2c96f3e91ff8ab316fc1b19b162c13fed2e6ba807a7cd3ff0a904b749b,ceb32816e83176fe965a3901e19348a3781711fb8f998a7f17a192f418639a43,64fdc5bd4c12b8d04e8ffb721ec02f52ffa99a19bb914051bd539287669a4af0
_probe_ecvs_deepseek_v4pro_frontier5_realswe5_rolling_visible_carry_forward_baseline_10task_1method_3budget_1run:deepseek_v4pro:rolling_visible_carry_forward:final_main_v1_38_actual_frontier_semi_real_test_integrity:budget_1200:run_1,deepseek_v4pro,final_main_v1_38_actual_frontier_semi_real_test_integrity,semi_real_repo_style_controlled,frontier_hard,test_integrity,frontier_hard_non_real,rolling_visible_carry_forward,rolling_visible_carry_forward,1200,1,2026-06-19T07:58:30.252017+00:00,2026-06-19T07:59:08.311619+00:00,2026-06-19T07:58:30.252141+00:00,2026-06-19T07:59:08.304015+00:00,38.028,0c34b9d65f290c5ae1f69df62f807131b12af880fb7f25e76a971df0793a03fe,a68f3e6971a7be1e1b3a858e23b1dd32192b9ce48794c4dc9c25af590da6df91,2b8d54b172b2fe3b62220252d612c8f62cddb7b7e3ed8b9bc4d31ce97df85c30,098fb4f511b4076eeccb81f537241bfe49d1e83c36c7c1fcab8b7db0d6fae317,feca27c74b925f1164afdb2c61240e3ac9d818b395f9034994c5641eaf8e36ac,5455ebac52e6b4eb9965c804dd23287f2e44a8fc451513adf963bcf5be424a96,c0e7972c42325aa42eac89da88f4160d69fe112e70ebe64ec53e5f8f3b27118e,c0e7972c42325aa42eac89da88f4160d69fe112e70ebe64ec53e5f8f3b27118e,c0e7972c42325aa42eac89da88f4160d69fe112e70ebe64ec53e5f8f3b27118e,3462c72e51bf86df6bb36b536cb2495fa0e1a53837f5e44f68234abeafe4f082,direct_provider,deepseek,https://api.deepseek.com,deepseek-v4-pro,https://api.deepseek.com/chat/completions,deepseek-v4-pro,af6dd196169070b2b926275689a75765a306d3a3b4609f6fb59a12aa968c926c,e6b81d4575f8bea2852d75a173eff1bb334fa7dd1f0729c7daf4624bc149aae6,732540d4d91cbaf77c5d80073d4d09740fd99c7f0d728d9f161b53753b90f6cd,explicit,0,4096,omitted,,omitted,,omitted,,omitted,,omitted,,omitted,,omitted,,omitted,,omitted,,False,thinking.type=disabled,ffe557f53c63f7d0f7e35f80c03f61d8b3548db9e4f51e8dda020b28a920d875,provider_not_exposed,provider_not_exposed,False,,False,False,False,disabled,,stop;stop;stop;stop;stop;stop;stop;stop;stop;stop;stop;stop;stop,stop;stop;stop;stop;stop;stop;stop;stop;stop;stop;stop;stop;stop,8490,2603,0,884,1075,0,visible_carry_forward_compactor,rolling_visible_identifier_carry_forward_v1_ecvs_safe_visible_only,1,9,9,9,9,0,8389dc56979b3d93e17bbe87da33abc613f508424b213eb40d75bd357fce49d7,1,,1,[],"[""REQ_38_MLEJXTZV"", ""LOCK_38_VZTXJ"", ""SCOPE_38_EJXTZ"", ""CHECK_38_LEJXT"", ""ANCHOR_38_JXTZV"", ""EDGE_38_XTZV"", ""FRONTIER_38_VZTXJE"", ""MERGE_38_MLEZV"", ""VERIFY_38_JXTZV""]",0,[],0,[],0,[],1,0,,clean,,2915cc937f015b82031010fd1201504cde13252e099c3da3ab907c9a052fd4b9,6dcdea9dad4c00f479813d6377ec13cf41010ec45c0384049f3ff58e40e347cc,a36b1068e3b1cb81a36ef2cffa0215d9f2eee66293a8ed7a244d5007e71495a3,8785a99cd59de4d4d09c936600869ebce6b6fc090ad773ed254dc7799e9a7a62,ceaf96707770ec8640428f6735c19fd2ec8d555550753c6f846ac3d0a314446a,released_raw_outputs/model_outputs/_probe_ecvs_deepseek_v4pro_frontier5_realswe5_rolling_visible_carry_forward_baseline_10task_1method_3budget_1run/deepseek/rolling_visible_carry_forward__final_main_v1_38_actual_frontier_semi_real_test_integrity__run_1__budget_1200.jsonl,13,b3c6e8c36f7d88b0a34e2aa603f44dde16494372538a7d5932705a90684d9e6d,5eee379d726c777163075f46d7cbb695d3ed0d0cba352d7fd8ff3b733dcf628c,3a7aa54574adefa92559146afd9871460e1e2d847de7e62cac99d8bf96dc4a32
_probe_ecvs_deepseek_v4pro_frontier5_realswe5_rolling_visible_carry_forward_baseline_10task_1method_3budget_1run:deepseek_v4pro:rolling_visible_carry_forward:final_main_v1_38_actual_frontier_semi_real_test_integrity:budget_300:run_1,deepseek_v4pro,final_main_v1_38_actual_frontier_semi_real_test_integrity,semi_real_repo_style_controlled,frontier_hard,test_integrity,frontier_hard_non_real,rolling_visible_carry_forward,rolling_visible_carry_forward,300,1,2026-06-19T07:58:02.606414+00:00,2026-06-19T07:58:29.638082+00:00,2026-06-19T07:58:02.606456+00:00,2026-06-19T07:58:29.633013+00:00,27.004,0c34b9d65f290c5ae1f69df62f807131b12af880fb7f25e76a971df0793a03fe,a68f3e6971a7be1e1b3a858e23b1dd32192b9ce48794c4dc9c25af590da6df91,2b8d54b172b2fe3b62220252d612c8f62cddb7b7e3ed8b9bc4d31ce97df85c30,098fb4f511b4076eeccb81f537241bfe49d1e83c36c7c1fcab8b7db0d6fae317,07504a8b953e3574e7e75f80997934af87a92c17ab22990cfd7dec28ef2a8040,5455ebac52e6b4eb9965c804dd23287f2e44a8fc451513adf963bcf5be424a96,c0e7972c42325aa42eac89da88f4160d69fe112e70ebe64ec53e5f8f3b27118e,c0e7972c42325aa42eac89da88f4160d69fe112e70ebe64ec53e5f8f3b27118e,c0e7972c42325aa42eac89da88f4160d69fe112e70ebe64ec53e5f8f3b27118e,3462c72e51bf86df6bb36b536cb2495fa0e1a53837f5e44f68234abeafe4f082,direct_provider,deepseek,https://api.deepseek.com,deepseek-v4-pro,https://api.deepseek.com/chat/completions,deepseek-v4-pro,af6dd196169070b2b926275689a75765a306d3a3b4609f6fb59a12aa968c926c,e6b81d4575f8bea2852d75a173eff1bb334fa7dd1f0729c7daf4624bc149aae6,732540d4d91cbaf77c5d80073d4d09740fd99c7f0d728d9f161b53753b90f6cd,explicit,0,4096,omitted,,omitted,,omitted,,omitted,,omitted,,omitted,,omitted,,omitted,,omitted,,False,thinking.type=disabled,ffe557f53c63f7d0f7e35f80c03f61d8b3548db9e4f51e8dda020b28a920d875,provider_not_exposed,provider_not_exposed,False,,False,False,False,disabled,,stop;stop;stop;stop;stop;stop;stop;stop;stop;stop;stop;stop;stop,stop;stop;stop;stop;stop;stop;stop;stop;stop;stop;stop;stop;stop,6689,1502,0,401,228,1,visible_carry_forward_compactor,rolling_visible_identifier_carry_forward_v1_ecvs_safe_visible_only,1,9,9,9,9,0,a2797882dc4653c79c83c176ed578b8ffe1fcb68ca943ba0d468e801d11b387b,1,,1,[],"[""REQ_38_MLEJXTZV"", ""LOCK_38_VZTXJ"", ""SCOPE_38_EJXTZ"", ""CHECK_38_LEJXT"", ""ANCHOR_38_JXTZV"", ""EDGE_38_XTZV"", ""FRONTIER_38_VZTXJE"", ""MERGE_38_MLEZV"", ""VERIFY_38_JXTZV""]",0,[],0,[],0,[],1,0,,clean,,6be5925bff91b9811b030db716c7f9c046cb466fa5ffab67d8d8031400ab7a1f,973df88d854c1bba6f974fa1ce2b7f12f4498e5e0cc4995ab22fd30072dcc208,54793b5c19ab1e273b76611a44669f3b9d8c9cd65215057b00e2f92fdfb3a5d2,529e763c23458299a212c32a96cdcfbda14c72dd35be298b69ddf656d3534d0b,bc9f7041ae82d9b010a5a6a6b273c97f61bf1fb51896431a49619aad00ffaafc,released_raw_outputs/model_outputs/_probe_ecvs_deepseek_v4pro_frontier5_realswe5_rolling_visible_carry_forward_baseline_10task_1method_3budget_1run/deepseek/rolling_visible_carry_forward__final_main_v1_38_actual_frontier_semi_real_test_integrity__run_1__budget_300.jsonl,13,e643873560bd29e65c5b2e196869c13337933074ca2a25353ea9c60fafccb57b,e380a3b08b8a8489112c42289200152df5e53845fbdc712a8c49f58e2c3dd4f4,c9b907dc4d4d976bfa6e0f64ac3a6223ecadb239019f62bb07d610f79a1fd24c
_probe_ecvs_deepseek_v4pro_frontier5_realswe5_rolling_visible_carry_forward_baseline_10task_1method_3budget_1run:deepseek_v4pro:rolling_visible_carry_forward:final_main_v1_38_actual_frontier_semi_real_test_integrity:budget_600:run_1,deepseek_v4pro,final_main_v1_38_actual_frontier_semi_real_test_integrity,semi_real_repo_style_controlled,frontier_hard,test_integrity,frontier_hard_non_real,rolling_visible_carry_forward,rolling_visible_carry_forward,600,1,2026-06-19T07:58:29.639145+00:00,2026-06-19T07:59:02.199946+00:00,2026-06-19T07:58:29.639236+00:00,2026-06-19T07:59:02.198725+00:00,32.543,0c34b9d65f290c5ae1f69df62f807131b12af880fb7f25e76a971df0793a03fe,a68f3e6971a7be1e1b3a858e23b1dd32192b9ce48794c4dc9c25af590da6df91,2b8d54b172b2fe3b62220252d612c8f62cddb7b7e3ed8b9bc4d31ce97df85c30,098fb4f511b4076eeccb81f537241bfe49d1e83c36c7c1fcab8b7db0d6fae317,a6a5f3e8eb9d0df365dd207d6108c997aed226260692992c5c39b891a67df463,5455ebac52e6b4eb9965c804dd23287f2e44a8fc451513adf963bcf5be424a96,c0e7972c42325aa42eac89da88f4160d69fe112e70ebe64ec53e5f8f3b27118e,c0e7972c42325aa42eac89da88f4160d69fe112e70ebe64ec53e5f8f3b27118e,c0e7972c42325aa42eac89da88f4160d69fe112e70ebe64ec53e5f8f3b27118e,3462c72e51bf86df6bb36b536cb2495fa0e1a53837f5e44f68234abeafe4f082,direct_provider,deepseek,https://api.deepseek.com,deepseek-v4-pro,https://api.deepseek.com/chat/completions,deepseek-v4-pro,af6dd196169070b2b926275689a75765a306d3a3b4609f6fb59a12aa968c926c,e6b81d4575f8bea2852d75a173eff1bb334fa7dd1f0729c7daf4624bc149aae6,732540d4d91cbaf77c5d80073d4d09740fd99c7f0d728d9f161b53753b90f6cd,explicit,0,4096,omitted,,omitted,,omitted,,omitted,,omitted,,omitted,,omitted,,omitted,,omitted,,False,thinking.type=disabled,ffe557f53c63f7d0f7e35f80c03f61d8b3548db9e4f51e8dda020b28a920d875,provider_not_exposed,provider_not_exposed,False,,False,False,False,disabled,,stop;stop;stop;stop;stop;stop;stop;stop;stop;stop;stop;stop;stop,stop;stop;stop;stop;stop;stop;stop;stop;stop;stop;stop;stop;stop,7714,2039,0,422,228,0,visible_carry_forward_compactor,rolling_visible_identifier_carry_forward_v1_ecvs_safe_visible_only,1,9,9,9,9,0,a2797882dc4653c79c83c176ed578b8ffe1fcb68ca943ba0d468e801d11b387b,1,,1,[],"[""REQ_38_MLEJXTZV"", ""LOCK_38_VZTXJ"", ""SCOPE_38_EJXTZ"", ""CHECK_38_LEJXT"", ""ANCHOR_38_JXTZV"", ""EDGE_38_XTZV"", ""FRONTIER_38_VZTXJE"", ""MERGE_38_MLEZV"", ""VERIFY_38_JXTZV""]",0,[],0,[],0,[],1,0,,clean,,f279014f755564dedd1fef27539be788630ad78761c4148443b6273504f5de22,2fb19ad51f2d4197d1207bcacb973d04784ee96ffccbe4f52d96911671fcf911,27f2ac4ca81093ad762253d4f60c8cbaa63d357c43900b1b9097ae9bccb834e7,ce0ce02b92b3120891694b28b630d33f4a477e98de88b278d3eab2b6041e6172,3092308670f838dd9093d8915460ab82e7303d0bc9e894d754373112371bae6a,released_raw_outputs/model_outputs/_probe_ecvs_deepseek_v4pro_frontier5_realswe5_rolling_visible_carry_forward_baseline_10task_1method_3budget_1run/deepseek/rolling_visible_carry_forward__final_main_v1_38_actual_frontier_semi_real_test_integrity__run_1__budget_600.jsonl,13,3c8b6482520ad8ea0e892e632f6abf605c3f964976751b62cf56007209ced81a,29a57c48f12bc88117a0bc9f8a505d0798973b16c8834ba8163a8ee727b665d4,d504042f445fa188cafac22c8f79c083e829a973a8b114f6071a236e17f6d511
_probe_ecvs_deepseek_v4pro_frontier5_realswe5_rolling_visible_carry_forward_baseline_10task_1method_3budget_1run:deepseek_v4pro:rolling_visible_carry_forward:final_main_v1_39_actual_frontier_semi_real_workflow_alias_binding:budget_1200:run_1,deepseek_v4pro,final_main_v1_39_actual_frontier_semi_real_workflow_alias_binding,semi_real_repo_style_controlled,frontier_hard,workflow_alias_binding,frontier_hard_non_real,rolling_visible_carry_forward,rolling_visible_carry_forward,1200,1,2026-06-19T07:58:02.605940+00:00,2026-06-19T07:58:39.263725+00:00,2026-06-19T07:58:02.605983+00:00,2026-06-19T07:58:39.255380+00:00,36.624,0c34b9d65f290c5ae1f69df62f807131b12af880fb7f25e76a971df0793a03fe,3860bc341a5e60fdc5ecdaee24c2efa033009d0dcad02b164a27f81b40b9e5c6,2b8d54b172b2fe3b62220252d612c8f62cddb7b7e3ed8b9bc4d31ce97df85c30,a7bb925592313e4b267215150fd825a3043983f1fe187088b5e62504fa7c40c9,6916e293b7ba630fa2a8254f0221bc1aba98c840c1b3c6018bf5714fd7bcceea,5455ebac52e6b4eb9965c804dd23287f2e44a8fc451513adf963bcf5be424a96,c0e7972c42325aa42eac89da88f4160d69fe112e70ebe64ec53e5f8f3b27118e,c0e7972c42325aa42eac89da88f4160d69fe112e70ebe64ec53e5f8f3b27118e,c0e7972c42325aa42eac89da88f4160d69fe112e70ebe64ec53e5f8f3b27118e,3462c72e51bf86df6bb36b536cb2495fa0e1a53837f5e44f68234abeafe4f082,direct_provider,deepseek,https://api.deepseek.com,deepseek-v4-pro,https://api.deepseek.com/chat/completions,deepseek-v4-pro,af6dd196169070b2b926275689a75765a306d3a3b4609f6fb59a12aa968c926c,e6b81d4575f8bea2852d75a173eff1bb334fa7dd1f0729c7daf4624bc149aae6,732540d4d91cbaf77c5d80073d4d09740fd99c7f0d728d9f161b53753b90f6cd,explicit,0,4096,omitted,,omitted,,omitted,,omitted,,omitted,,omitted,,omitted,,omitted,,omitted,,False,thinking.type=disabled,ffe557f53c63f7d0f7e35f80c03f61d8b3548db9e4f51e8dda020b28a920d875,provider_not_exposed,provider_not_exposed,False,,False,False,False,disabled,,stop;stop;stop;stop;stop;stop;stop;stop;stop;stop;stop;stop;stop,stop;stop;stop;stop;stop;stop;stop;stop;stop;stop;stop;stop;stop,8771,2600,0,779,970,0,visible_carry_forward_compactor,rolling_visible_identifier_carry_forward_v1_ecvs_safe_visible_only,1,9,9,9,9,0,029d63f572f9d8a54deff50589749fdf9750726dd8c99ce4569741284392aa5f,1,,1,[],"[""REQ_39_8982ZN4A"", ""LOCK_39_A4NZ2"", ""SCOPE_39_82ZN4"", ""CHECK_39_982ZN"", ""ANCHOR_39_2ZN4A"", ""EDGE_39_ZN4A"", ""FRONTIER_39_A4NZ28"", ""MERGE_39_8984A"", ""VERIFY_39_2ZN4A""]",0,[],0,[],0,[],1,0,,clean,,a66deb23e64ada5d9f9f62f3ea1299a7483d99935791d0f9d1523434b0a97c81,f97091c7c6eb8a7194221d2868698de591ed440f1ba394ca74378ef667fd6770,13a9ae4c72108e064cd0d7b1b9a8667d911b94e75c60b732637244c3f738d0d4,9d078864c0bca7981e7c9af86ab3b889902e3f31d6a121efdcb7f337af326127,a727aa0c13cee4d44d1f8a4a2353a66d110f7eeb638b83088f3979900849d1e3,released_raw_outputs/model_outputs/_probe_ecvs_deepseek_v4pro_frontier5_realswe5_rolling_visible_carry_forward_baseline_10task_1method_3budget_1run/deepseek/rolling_visible_carry_forward__final_main_v1_39_actual_frontier_semi_real_workflow_alias_binding__run_1__budget_1200.jsonl,13,57748d0815d47e7ddc728c0ecd7380583a530211d61dde1a1297978d2ccef2e3,e3e465a9636e4eb5449b6d8d0f10d670d1b23125044bc3e3c3edd9a389ee97c7,6625bb31e6a6b8d72b9a30c7f886326598824941a282b4aee452fed284c4b44e
_probe_ecvs_deepseek_v4pro_frontier5_realswe5_rolling_visible_carry_forward_baseline_10task_1method_3budget_1run:deepseek_v4pro:rolling_visible_carry_forward:final_main_v1_39_actual_frontier_semi_real_workflow_alias_binding:budget_300:run_1,deepseek_v4pro,final_main_v1_39_actual_frontier_semi_real_workflow_alias_binding,semi_real_repo_style_controlled,frontier_hard,workflow_alias_binding,frontier_hard_non_real,rolling_visible_carry_forward,rolling_visible_carry_forward,300,1,2026-06-19T07:58:02.605450+00:00,2026-06-19T07:58:31.309078+00:00,2026-06-19T07:58:02.605490+00:00,2026-06-19T07:58:31.305665+00:00,28.681,0c34b9d65f290c5ae1f69df62f807131b12af880fb7f25e76a971df0793a03fe,3860bc341a5e60fdc5ecdaee24c2efa033009d0dcad02b164a27f81b40b9e5c6,2b8d54b172b2fe3b62220252d612c8f62cddb7b7e3ed8b9bc4d31ce97df85c30,a7bb925592313e4b267215150fd825a3043983f1fe187088b5e62504fa7c40c9,d55f0a440856944d80073cd9c11c8b4e7615e457c7476459f14b7583279bed0b,5455ebac52e6b4eb9965c804dd23287f2e44a8fc451513adf963bcf5be424a96,c0e7972c42325aa42eac89da88f4160d69fe112e70ebe64ec53e5f8f3b27118e,c0e7972c42325aa42eac89da88f4160d69fe112e70ebe64ec53e5f8f3b27118e,c0e7972c42325aa42eac89da88f4160d69fe112e70ebe64ec53e5f8f3b27118e,3462c72e51bf86df6bb36b536cb2495fa0e1a53837f5e44f68234abeafe4f082,direct_provider,deepseek,https://api.deepseek.com,deepseek-v4-pro,https://api.deepseek.com/chat/completions,deepseek-v4-pro,af6dd196169070b2b926275689a75765a306d3a3b4609f6fb59a12aa968c926c,e6b81d4575f8bea2852d75a173eff1bb334fa7dd1f0729c7daf4624bc149aae6,732540d4d91cbaf77c5d80073d4d09740fd99c7f0d728d9f161b53753b90f6cd,explicit,0,4096,omitted,,omitted,,omitted,,omitted,,omitted,,omitted,,omitted,,omitted,,omitted,,False,thinking.type=disabled,ffe557f53c63f7d0f7e35f80c03f61d8b3548db9e4f51e8dda020b28a920d875,provider_not_exposed,provider_not_exposed,False,,False,False,False,disabled,,stop;stop;stop;stop;stop;stop;stop;stop;stop;stop;stop;stop;stop,stop;stop;stop;stop;stop;stop;stop;stop;stop;stop;stop;stop;stop,6744,1570,0,385,228,1,visible_carry_forward_compactor,rolling_visible_identifier_carry_forward_v1_ecvs_safe_visible_only,1,9,9,9,9,0,c80471dc5674f8bdd1c34e238c26dff35609910ee3a3a631e2c24b8ba108855f,1,,1,[],"[""REQ_39_8982ZN4A"", ""LOCK_39_A4NZ2"", ""SCOPE_39_82ZN4"", ""CHECK_39_982ZN"", ""ANCHOR_39_2ZN4A"", ""EDGE_39_ZN4A"", ""FRONTIER_39_A4NZ28"", ""MERGE_39_8984A"", ""VERIFY_39_2ZN4A""]",0,[],0,[],0,[],1,0,,clean,,f0979641e26809a5fd4b9776ec8a9490b47b9414545c8e5539e222d09845db22,e84bd489e77105f08fd84eeb0ae9925d8922731c4e96a779a1d1f1d25a0a90f6,ed3fa1ab4e814f2c04ddf0ca744380e49f6c9d5ca907db7a3200c3b10989c2c4,dbc0a1236e363b3652faf24df92985d09d379fbefbc71099be24f8ba4d5d1e10,732c5496c2429b82d97c1e474ebcadcbfd818db306b69f7dd84b88e761089e7b,released_raw_outputs/model_outputs/_probe_ecvs_deepseek_v4pro_frontier5_realswe5_rolling_visible_carry_forward_baseline_10task_1method_3budget_1run/deepseek/rolling_visible_carry_forward__final_main_v1_39_actual_frontier_semi_real_workflow_alias_binding__run_1__budget_300.jsonl,13,9e9abc200baace5d80c443c1d51244dbe4d54e75988351ee2e5bb7b87337dfe8,bf0355f3db07adc59bf3f67538366f5ec04bd7cbe354f73dca1b097bb93540ea,f9dace248ab9cb62615abada53d1accef209adec13cd9fc75f9a185ea1119d91
_probe_ecvs_deepseek_v4pro_frontier5_realswe5_rolling_visible_carry_forward_baseline_10task_1method_3budget_1run:deepseek_v4pro:rolling_visible_carry_forward:final_main_v1_39_actual_frontier_semi_real_workflow_alias_binding:budget_600:run_1,deepseek_v4pro,final_main_v1_39_actual_frontier_semi_real_workflow_alias_binding,semi_real_repo_style_controlled,frontier_hard,workflow_alias_binding,frontier_hard_non_real,rolling_visible_carry_forward,rolling_visible_carry_forward,600,1,2026-06-19T07:58:02.605701+00:00,2026-06-19T07:58:34.122028+00:00,2026-06-19T07:58:02.605743+00:00,2026-06-19T07:58:34.120666+00:00,31.494,0c34b9d65f290c5ae1f69df62f807131b12af880fb7f25e76a971df0793a03fe,3860bc341a5e60fdc5ecdaee24c2efa033009d0dcad02b164a27f81b40b9e5c6,2b8d54b172b2fe3b62220252d612c8f62cddb7b7e3ed8b9bc4d31ce97df85c30,a7bb925592313e4b267215150fd825a3043983f1fe187088b5e62504fa7c40c9,cf3e4732e30d2acd0936bfd570f5db9a03d5ae0ca35208c5d327d6e99e0d2e46,5455ebac52e6b4eb9965c804dd23287f2e44a8fc451513adf963bcf5be424a96,c0e7972c42325aa42eac89da88f4160d69fe112e70ebe64ec53e5f8f3b27118e,c0e7972c42325aa42eac89da88f4160d69fe112e70ebe64ec53e5f8f3b27118e,c0e7972c42325aa42eac89da88f4160d69fe112e70ebe64ec53e5f8f3b27118e,3462c72e51bf86df6bb36b536cb2495fa0e1a53837f5e44f68234abeafe4f082,direct_provider,deepseek,https://api.deepseek.com,deepseek-v4-pro,https://api.deepseek.com/chat/completions,deepseek-v4-pro,af6dd196169070b2b926275689a75765a306d3a3b4609f6fb59a12aa968c926c,e6b81d4575f8bea2852d75a173eff1bb334fa7dd1f0729c7daf4624bc149aae6,732540d4d91cbaf77c5d80073d4d09740fd99c7f0d728d9f161b53753b90f6cd,explicit,0,4096,omitted,,omitted,,omitted,,omitted,,omitted,,omitted,,omitted,,omitted,,omitted,,False,thinking.type=disabled,ffe557f53c63f7d0f7e35f80c03f61d8b3548db9e4f51e8dda020b28a920d875,provider_not_exposed,provider_not_exposed,False,,False,False,False,disabled,,stop;stop;stop;stop;stop;stop;stop;stop;stop;stop;stop;stop;stop,stop;stop;stop;stop;stop;stop;stop;stop;stop;stop;stop;stop;stop,7749,2040,0,406,597,0,visible_carry_forward_compactor,rolling_visible_identifier_carry_forward_v1_ecvs_safe_visible_only,1,9,9,9,9,0,940dffafaff536fedc7768fae1ad34b992ce09cf9cfaa04cdb542764fee848e4,1,,1,[],"[""REQ_39_8982ZN4A"", ""LOCK_39_A4NZ2"", ""SCOPE_39_82ZN4"", ""CHECK_39_982ZN"", ""ANCHOR_39_2ZN4A"", ""EDGE_39_ZN4A"", ""FRONTIER_39_A4NZ28"", ""MERGE_39_8984A"", ""VERIFY_39_2ZN4A""]",0,[],0,[],0,[],1,0,,clean,,0c3892fd34124ca5f2d28e8246c21cf6e5a0396cdf7bbcfaf31d158b7a31f7be,7728620ebf31733253b8d4bdccc1a5911f7e79ce055ec58865cdffc6b57e4491,c79da4498af25e3d7564c0d0f38e4d6c5840fd45af1c04b0b232ea725d7436fb,1a9ef2c1cb98ccd9fa4d894a37af4e6a51b12bc5c24cdb86682573c4b60ba59d,fb502ff016236bd84dfa30935f79855383b4c516c9709b90dde4af6d9ab13744,released_raw_outputs/model_outputs/_probe_ecvs_deepseek_v4pro_frontier5_realswe5_rolling_visible_carry_forward_baseline_10task_1method_3budget_1run/deepseek/rolling_visible_carry_forward__final_main_v1_39_actual_frontier_semi_real_workflow_alias_binding__run_1__budget_600.jsonl,13,6c304f8bd45978d7ce393b894e9e01241774aac9424303531219495415286159,5c04bd2fb8cef8513359f15cca1048a3283963ac8652f397fc56c9ee5e3a7068,7ff6cf6c19090c8c7185ef314d8d4f5b05468fc2dfdc52fba70d4e75fecf1951
_probe_ecvs_deepseek_v4pro_frontier5_realswe5_rolling_visible_carry_forward_baseline_10task_1method_3budget_1run:deepseek_v4pro:rolling_visible_carry_forward:final_main_v1_40_actual_frontier_semi_real_multi_file_repo_plan:budget_1200:run_1,deepseek_v4pro,final_main_v1_40_actual_frontier_semi_real_multi_file_repo_plan,semi_real_repo_style_controlled,frontier_hard,multi_file_repo_plan,frontier_hard_non_real,rolling_visible_carry_forward,rolling_visible_carry_forward,1200,1,2026-06-19T07:58:02.604948+00:00,2026-06-19T07:58:44.661677+00:00,2026-06-19T07:58:02.604983+00:00,2026-06-19T07:58:44.657277+00:00,42.031,0c34b9d65f290c5ae1f69df62f807131b12af880fb7f25e76a971df0793a03fe,e0fb45c4d5a183773d255686fb7afa57bb02525fc30bdb09aa1d2c37a04bf825,2b8d54b172b2fe3b62220252d612c8f62cddb7b7e3ed8b9bc4d31ce97df85c30,4474b1d70dbc8938e94238b572f2fb0f92671a67d6fab8862725672b4a2492e1,abebc32707eaf534b7255ca6df9522fb4bce3cf6de5d6177d76c6e2317ec3a9f,5455ebac52e6b4eb9965c804dd23287f2e44a8fc451513adf963bcf5be424a96,c0e7972c42325aa42eac89da88f4160d69fe112e70ebe64ec53e5f8f3b27118e,c0e7972c42325aa42eac89da88f4160d69fe112e70ebe64ec53e5f8f3b27118e,c0e7972c42325aa42eac89da88f4160d69fe112e70ebe64ec53e5f8f3b27118e,3462c72e51bf86df6bb36b536cb2495fa0e1a53837f5e44f68234abeafe4f082,direct_provider,deepseek,https://api.deepseek.com,deepseek-v4-pro,https://api.deepseek.com/chat/completions,deepseek-v4-pro,af6dd196169070b2b926275689a75765a306d3a3b4609f6fb59a12aa968c926c,e6b81d4575f8bea2852d75a173eff1bb334fa7dd1f0729c7daf4624bc149aae6,732540d4d91cbaf77c5d80073d4d09740fd99c7f0d728d9f161b53753b90f6cd,explicit,0,4096,omitted,,omitted,,omitted,,omitted,,omitted,,omitted,,omitted,,omitted,,omitted,,False,thinking.type=disabled,ffe557f53c63f7d0f7e35f80c03f61d8b3548db9e4f51e8dda020b28a920d875,provider_not_exposed,provider_not_exposed,False,,False,False,False,disabled,,stop;stop;stop;stop;stop;stop;stop;stop;stop;stop;stop;stop;stop,stop;stop;stop;stop;stop;stop;stop;stop;stop;stop;stop;stop;stop,9566,3258,0,791,1026,0,visible_carry_forward_compactor,rolling_visible_identifier_carry_forward_v1_ecvs_safe_visible_only,1,9,9,9,9,0,9e22743d45e8a43facbb40bff5b1bc2081b930841f0e5b6cd1c19d61b2d273b2,1,,1,[],"[""REQ_40_6X2G7FLR"", ""LOCK_40_RLF7G"", ""SCOPE_40_2G7FL"", ""CHECK_40_X2G7F"", ""ANCHOR_40_G7FLR"", ""EDGE_40_7FLR"", ""FRONTIER_40_RLF7G2"", ""MERGE_40_6X2LR"", ""VERIFY_40_G7FLR""]",0,[],0,[],0,[],1,0,,clean,,35b33c670869e609647bfa74bac2b658f568b9e65d7a5da91d4ec372eed759c8,5f4a2b65fa39d954e46697bae0f99cbc1ada320e910abcb978774807bcff8b9f,fc93d0a316f406fef4b4f55c8325039ee25663c14c16d6a932fb3ddfb594c523,38a44714ea095118aa8a2abd34a578c81b529e03eb9e892b23c4cb8a6995625e,4f41301b205033668c63205f9ede8a69d4e3657e8f3f4b3c6fd0c9913472a4ab,released_raw_outputs/model_outputs/_probe_ecvs_deepseek_v4pro_frontier5_realswe5_rolling_visible_carry_forward_baseline_10task_1method_3budget_1run/deepseek/rolling_visible_carry_forward__final_main_v1_40_actual_frontier_semi_real_multi_file_repo_plan__run_1__budget_1200.jsonl,13,1f1a75cf1b12a0d408d703dd395f9754514a1d615ab152b10c803b1dc8658d73,fa5dafa37e6ddffc330ecaa7150e4a32978be33a9f4ae69f1b755c31f9799b66,259db6cf64fc55c42da07926590286419e78759aa01bab7bb33852ea4670ebee
_probe_ecvs_deepseek_v4pro_frontier5_realswe5_rolling_visible_carry_forward_baseline_10task_1method_3budget_1run:deepseek_v4pro:rolling_visible_carry_forward:final_main_v1_40_actual_frontier_semi_real_multi_file_repo_plan:budget_300:run_1,deepseek_v4pro,final_main_v1_40_actual_frontier_semi_real_multi_file_repo_plan,semi_real_repo_style_controlled,frontier_hard,multi_file_repo_plan,frontier_hard_non_real,rolling_visible_carry_forward,rolling_visible_carry_forward,300,1,2026-06-19T07:58:02.604573+00:00,2026-06-19T07:58:31.743226+00:00,2026-06-19T07:58:02.604623+00:00,2026-06-19T07:58:31.739109+00:00,29.115,0c34b9d65f290c5ae1f69df62f807131b12af880fb7f25e76a971df0793a03fe,e0fb45c4d5a183773d255686fb7afa57bb02525fc30bdb09aa1d2c37a04bf825,2b8d54b172b2fe3b62220252d612c8f62cddb7b7e3ed8b9bc4d31ce97df85c30,4474b1d70dbc8938e94238b572f2fb0f92671a67d6fab8862725672b4a2492e1,5a9032aa71b28fb6a7eda9b551be39b9ef3997e1258461f1033cbb9cbfd39708,5455ebac52e6b4eb9965c804dd23287f2e44a8fc451513adf963bcf5be424a96,c0e7972c42325aa42eac89da88f4160d69fe112e70ebe64ec53e5f8f3b27118e,c0e7972c42325aa42eac89da88f4160d69fe112e70ebe64ec53e5f8f3b27118e,c0e7972c42325aa42eac89da88f4160d69fe112e70ebe64ec53e5f8f3b27118e,3462c72e51bf86df6bb36b536cb2495fa0e1a53837f5e44f68234abeafe4f082,direct_provider,deepseek,https://api.deepseek.com,deepseek-v4-pro,https://api.deepseek.com/chat/completions,deepseek-v4-pro,af6dd196169070b2b926275689a75765a306d3a3b4609f6fb59a12aa968c926c,e6b81d4575f8bea2852d75a173eff1bb334fa7dd1f0729c7daf4624bc149aae6,732540d4d91cbaf77c5d80073d4d09740fd99c7f0d728d9f161b53753b90f6cd,explicit,0,4096,omitted,,omitted,,omitted,,omitted,,omitted,,omitted,,omitted,,omitted,,omitted,,False,thinking.type=disabled,ffe557f53c63f7d0f7e35f80c03f61d8b3548db9e4f51e8dda020b28a920d875,provider_not_exposed,provider_not_exposed,False,,False,False,False,disabled,,stop;stop;stop;stop;stop;stop;stop;stop;stop;stop;stop;stop;stop,stop;stop;stop;stop;stop;stop;stop;stop;stop;stop;stop;stop;stop,6870,1714,0,362,228,1,visible_carry_forward_compactor,rolling_visible_identifier_carry_forward_v1_ecvs_safe_visible_only,1,9,9,9,9,0,4e8d8b0bf7a5d5f20d592a2b5e0f5892570590b606bab060bd88425cd390fa5d,1,,1,[],"[""REQ_40_6X2G7FLR"", ""LOCK_40_RLF7G"", ""SCOPE_40_2G7FL"", ""CHECK_40_X2G7F"", ""ANCHOR_40_G7FLR"", ""EDGE_40_7FLR"", ""FRONTIER_40_RLF7G2"", ""MERGE_40_6X2LR"", ""VERIFY_40_G7FLR""]",0,[],0,[],0,[],1,0,,clean,,f0fccbdff2942978e75e8b973e230bd7885c0a20e37f3cc22c44d8857fa16140,2a6ec912aa4ad1682d1db785919b7fc5ad7a37602a5aba71e7185488b698259a,c9f67ccdca3783427777cbd363f79158f0ac0986f1684e8627b026f4180497b8,a6ca8d422ef249baa6f98294ad02164312ffb93b98e0e10a7dfa89516dc739dc,38408a7b0f781009754a0c43a67418f3c9f81f6928674152ace5f8e3194ed4e7,released_raw_outputs/model_outputs/_probe_ecvs_deepseek_v4pro_frontier5_realswe5_rolling_visible_carry_forward_baseline_10task_1method_3budget_1run/deepseek/rolling_visible_carry_forward__final_main_v1_40_actual_frontier_semi_real_multi_file_repo_plan__run_1__budget_300.jsonl,13,cc3fc9d621043620d199a50e546aa1aefb5f669993bf5dce08e257eb70b707fc,9c09a1d14a15b04f2ae217e8c1703039a62c3e06cdc38d2502bebcaae5e15c84,e51c0478f8db7a05634442c240d2c36de7984bb9747f91bffbff2612358f0149
_probe_ecvs_deepseek_v4pro_frontier5_realswe5_rolling_visible_carry_forward_baseline_10task_1method_3budget_1run:deepseek_v4pro:rolling_visible_carry_forward:final_main_v1_40_actual_frontier_semi_real_multi_file_repo_plan:budget_600:run_1,deepseek_v4pro,final_main_v1_40_actual_frontier_semi_real_multi_file_repo_plan,semi_real_repo_style_controlled,frontier_hard,multi_file_repo_plan,frontier_hard_non_real,rolling_visible_carry_forward,rolling_visible_carry_forward,600,1,2026-06-19T07:58:02.605138+00:00,2026-06-19T07:58:36.016039+00:00,2026-06-19T07:58:02.605182+00:00,2026-06-19T07:58:36.010691+00:00,33.386,0c34b9d65f290c5ae1f69df62f807131b12af880fb7f25e76a971df0793a03fe,e0fb45c4d5a183773d255686fb7afa57bb02525fc30bdb09aa1d2c37a04bf825,2b8d54b172b2fe3b62220252d612c8f62cddb7b7e3ed8b9bc4d31ce97df85c30,4474b1d70dbc8938e94238b572f2fb0f92671a67d6fab8862725672b4a2492e1,22689a5c63ecd04d8b8b96f26f4752174d7c7a7bb92e8eade6ba925db7d71d93,5455ebac52e6b4eb9965c804dd23287f2e44a8fc451513adf963bcf5be424a96,c0e7972c42325aa42eac89da88f4160d69fe112e70ebe64ec53e5f8f3b27118e,c0e7972c42325aa42eac89da88f4160d69fe112e70ebe64ec53e5f8f3b27118e,c0e7972c42325aa42eac89da88f4160d69fe112e70ebe64ec53e5f8f3b27118e,3462c72e51bf86df6bb36b536cb2495fa0e1a53837f5e44f68234abeafe4f082,direct_provider,deepseek,https://api.deepseek.com,deepseek-v4-pro,https://api.deepseek.com/chat/completions,deepseek-v4-pro,af6dd196169070b2b926275689a75765a306d3a3b4609f6fb59a12aa968c926c,e6b81d4575f8bea2852d75a173eff1bb334fa7dd1f0729c7daf4624bc149aae6,732540d4d91cbaf77c5d80073d4d09740fd99c7f0d728d9f161b53753b90f6cd,explicit,0,4096,omitted,,omitted,,omitted,,omitted,,omitted,,omitted,,omitted,,omitted,,omitted,,False,thinking.type=disabled,ffe557f53c63f7d0f7e35f80c03f61d8b3548db9e4f51e8dda020b28a920d875,provider_not_exposed,provider_not_exposed,False,,False,False,False,disabled,,stop;stop;stop;stop;stop;stop;stop;stop;stop;stop;stop;stop;stop,stop;stop;stop;stop;stop;stop;stop;stop;stop;stop;stop;stop;stop,7789,2081,0,362,553,0,visible_carry_forward_compactor,rolling_visible_identifier_carry_forward_v1_ecvs_safe_visible_only,1,9,9,9,9,0,bc33b743b06d343fbc6fdcdc58cc98ebe3dee3ef425db4e3cdc64357e7293c8c,1,,1,[],"[""REQ_40_6X2G7FLR"", ""LOCK_40_RLF7G"", ""SCOPE_40_2G7FL"", ""CHECK_40_X2G7F"", ""ANCHOR_40_G7FLR"", ""EDGE_40_7FLR"", ""FRONTIER_40_RLF7G2"", ""MERGE_40_6X2LR"", ""VERIFY_40_G7FLR""]",0,[],0,[],0,[],1,0,,clean,,0d96891615b4e1b86eb034dd7c72e4f0d1e18362d96ecc3ae364f7e8b0d0c7bf,622777c30e07d5a13aeaede6f7a09c4b7c6619d8f3cee5e8d6c026ac8d63c100,97a8e0b20ad5f11794ddae415612d12a990468f4a6e3f53f44959eefe6b83e59,eb692d249fbeb30475ee90ca55abac688c8d9859715c03d141073c3efda01c65,8e6023cd080102c548acb5371eb96325b8a9fc7b447e9c385d7d2a2267ad0dc7,released_raw_outputs/model_outputs/_probe_ecvs_deepseek_v4pro_frontier5_realswe5_rolling_visible_carry_forward_baseline_10task_1method_3budget_1run/deepseek/rolling_visible_carry_forward__final_main_v1_40_actual_frontier_semi_real_multi_file_repo_plan__run_1__budget_600.jsonl,13,564232900191c8efa2a97bd5c0052a86c1ab58c774119f5790a0f701f2de2f9d,d4fd6ce5ca2ad6a0195a360ddfbc170b62f3d44903f5e8862a5eaf940e7c792c,2af6f71cde16712ebace12c9646a3b3dc6fba92c7ee8257f2a07201140a21edc
_probe_ecvs_deepseek_v4pro_frontier5_realswe5_rolling_visible_carry_forward_baseline_10task_1method_3budget_1run:deepseek_v4pro:rolling_visible_carry_forward:final_main_v1_41_real_swe_fresh_github_grantjenks_python_sortedcontainers_2b037039bb16:budget_1200:run_1,deepseek_v4pro,final_main_v1_41_real_swe_fresh_github_grantjenks_python_sortedcontainers_2b037039bb16,real_swe_executable_anchor_controlled,medium,config_path_validation,real_swe_non_frontier,rolling_visible_carry_forward,rolling_visible_carry_forward,1200,1,2026-06-19T07:59:18.197221+00:00,2026-06-19T07:59:42.744221+00:00,2026-06-19T07:59:18.197371+00:00,2026-06-19T07:59:42.739289+00:00,24.534,0c34b9d65f290c5ae1f69df62f807131b12af880fb7f25e76a971df0793a03fe,293376257a44b516eda2691daf2d27d164a2f7406b06b7e0b0ec3d4b72234016,2b8d54b172b2fe3b62220252d612c8f62cddb7b7e3ed8b9bc4d31ce97df85c30,d702e712cd306e0ee7ce6b9cc2c0fa9de29d8050d6c9124370ba7b33d8abaeb6,12c44b25ea54f6fd399fd41d53a32e9d8109191873429f4e37157a1fdfd8a649,5455ebac52e6b4eb9965c804dd23287f2e44a8fc451513adf963bcf5be424a96,c0e7972c42325aa42eac89da88f4160d69fe112e70ebe64ec53e5f8f3b27118e,c0e7972c42325aa42eac89da88f4160d69fe112e70ebe64ec53e5f8f3b27118e,c0e7972c42325aa42eac89da88f4160d69fe112e70ebe64ec53e5f8f3b27118e,3462c72e51bf86df6bb36b536cb2495fa0e1a53837f5e44f68234abeafe4f082,direct_provider,deepseek,https://api.deepseek.com,deepseek-v4-pro,https://api.deepseek.com/chat/completions,deepseek-v4-pro,af6dd196169070b2b926275689a75765a306d3a3b4609f6fb59a12aa968c926c,e6b81d4575f8bea2852d75a173eff1bb334fa7dd1f0729c7daf4624bc149aae6,732540d4d91cbaf77c5d80073d4d09740fd99c7f0d728d9f161b53753b90f6cd,explicit,0,4096,omitted,,omitted,,omitted,,omitted,,omitted,,omitted,,omitted,,omitted,,omitted,,False,thinking.type=disabled,ffe557f53c63f7d0f7e35f80c03f61d8b3548db9e4f51e8dda020b28a920d875,provider_not_exposed,provider_not_exposed,False,,False,False,False,disabled,,stop;stop;stop;stop;stop;stop;stop;stop,stop;stop;stop;stop;stop;stop;stop;stop,5270,1736,0,744,856,0,visible_carry_forward_compactor,rolling_visible_identifier_carry_forward_v1_ecvs_safe_visible_only,1,4,4,4,4,0,ec7bb9993e03520b448e45100a77387809be5535420346ce9a5a1f8cf0e8cb97,1,,1,[],"[""REQ_41_RWLXLPUN"", ""LOCK_41_NUPLX"", ""SCOPE_41_LXLPU"", ""CHECK_41_WLXLP""]",0,[],0,[],0,[],1,0,,clean,,dd220b0953f3c4fc5ceddeb16d564611fc5098d67c51d0c38470d56d41aa3aee,06bfb6edfaae115b0d7587b817ce7ac3e21a9a0b43ceecab2f5787d14ecfdb92,bf4c153503d63f0a2c443800d81cf8b82943b52a39b7cfa80b738fe668e78691,acda90de3c121e4f2d2b9b2289e7dde39d0668558a09e84f66ba21462651e83f,3e1d7d6d67a3d90d92c1da8803825cb7d2abaca7ff73f7efe333e4610cbf7cbc,released_raw_outputs/model_outputs/_probe_ecvs_deepseek_v4pro_frontier5_realswe5_rolling_visible_carry_forward_baseline_10task_1method_3budget_1run/deepseek/rolling_visible_carry_forward__final_main_v1_41_real_swe_fresh_github_grantjenks_python_sortedcontainers_2b037039bb16__run_1__budget_1200.jsonl,8,fdef55935ca6cd2beab0ea6c6e50cb26fb98945d4ab08c72732e09a30e7d959f,910924788ee9fa0ff6a89e11b2c53865874be580201b7ddc6a214e58ee466d3f,6dcb6a60bd67759bbb22dadb938f6ba1f46e002d4ca09e4d4f0e181b6e6c8326
_probe_ecvs_deepseek_v4pro_frontier5_realswe5_rolling_visible_carry_forward_baseline_10task_1method_3budget_1run:deepseek_v4pro:rolling_visible_carry_forward:final_main_v1_41_real_swe_fresh_github_grantjenks_python_sortedcontainers_2b037039bb16:budget_300:run_1,deepseek_v4pro,final_main_v1_41_real_swe_fresh_github_grantjenks_python_sortedcontainers_2b037039bb16,real_swe_executable_anchor_controlled,medium,config_path_validation,real_swe_non_frontier,rolling_visible_carry_forward,rolling_visible_carry_forward,300,1,2026-06-19T07:59:08.650374+00:00,2026-06-19T07:59:28.996758+00:00,2026-06-19T07:59:08.650507+00:00,2026-06-19T07:59:28.994590+00:00,20.336,0c34b9d65f290c5ae1f69df62f807131b12af880fb7f25e76a971df0793a03fe,293376257a44b516eda2691daf2d27d164a2f7406b06b7e0b0ec3d4b72234016,2b8d54b172b2fe3b62220252d612c8f62cddb7b7e3ed8b9bc4d31ce97df85c30,d702e712cd306e0ee7ce6b9cc2c0fa9de29d8050d6c9124370ba7b33d8abaeb6,e787688cd81b70159a21d5521fbdb73673e5d022d036a0e1299085d31cf04ef4,5455ebac52e6b4eb9965c804dd23287f2e44a8fc451513adf963bcf5be424a96,c0e7972c42325aa42eac89da88f4160d69fe112e70ebe64ec53e5f8f3b27118e,c0e7972c42325aa42eac89da88f4160d69fe112e70ebe64ec53e5f8f3b27118e,c0e7972c42325aa42eac89da88f4160d69fe112e70ebe64ec53e5f8f3b27118e,3462c72e51bf86df6bb36b536cb2495fa0e1a53837f5e44f68234abeafe4f082,direct_provider,deepseek,https://api.deepseek.com,deepseek-v4-pro,https://api.deepseek.com/chat/completions,deepseek-v4-pro,af6dd196169070b2b926275689a75765a306d3a3b4609f6fb59a12aa968c926c,e6b81d4575f8bea2852d75a173eff1bb334fa7dd1f0729c7daf4624bc149aae6,732540d4d91cbaf77c5d80073d4d09740fd99c7f0d728d9f161b53753b90f6cd,explicit,0,4096,omitted,,omitted,,omitted,,omitted,,omitted,,omitted,,omitted,,omitted,,omitted,,False,thinking.type=disabled,ffe557f53c63f7d0f7e35f80c03f61d8b3548db9e4f51e8dda020b28a920d875,provider_not_exposed,provider_not_exposed,False,,False,False,False,disabled,,stop;stop;stop;stop;stop;stop;stop;stop,stop;stop;stop;stop;stop;stop;stop;stop,4237,942,0,368,149,1,visible_carry_forward_compactor,rolling_visible_identifier_carry_forward_v1_ecvs_safe_visible_only,1,4,4,4,4,0,e8de904a56ec80b80a74f3415e3f1b884965178b4962bad95c1439f1c3f7fa98,1,,1,[],"[""REQ_41_RWLXLPUN"", ""LOCK_41_NUPLX"", ""SCOPE_41_LXLPU"", ""CHECK_41_WLXLP""]",0,[],0,[],0,[],1,0,,clean,,2eeab9dc067b7e3765a07092c3f544b04bd3cca0ed0c32a764be9e5da3f064ef,165cdd78a07f7d179cad8876b40d6a058971de169086eab856e2c504c79b4996,b0b7045323533c32a1ede00476fdbd6daa96e5d3ae7b8bcfd1cd945859635afc,fd7d18ee0484d35f0d467e24aeae534c06d1120faf5ac6868870fb625b6ec8e7,804f464a01be0f03e988d4a953c01df9723826cc1752024a9210b2d2a4e65d0f,released_raw_outputs/model_outputs/_probe_ecvs_deepseek_v4pro_frontier5_realswe5_rolling_visible_carry_forward_baseline_10task_1method_3budget_1run/deepseek/rolling_visible_carry_forward__final_main_v1_41_real_swe_fresh_github_grantjenks_python_sortedcontainers_2b037039bb16__run_1__budget_300.jsonl,8,8372e073f0ecc1419fc3e3e2d0ff928453a69c8421b99ea024eea4767626f9e9,291fcd5e44241c5cb9264bad68e532e4b91346a75705fb7082f7828f63927989,e21bdc36691a86bc73b7b5f177e21b2351dcde511f611f3dab1097ac75bd57b5
_probe_ecvs_deepseek_v4pro_frontier5_realswe5_rolling_visible_carry_forward_baseline_10task_1method_3budget_1run:deepseek_v4pro:rolling_visible_carry_forward:final_main_v1_41_real_swe_fresh_github_grantjenks_python_sortedcontainers_2b037039bb16:budget_600:run_1,deepseek_v4pro,final_main_v1_41_real_swe_fresh_github_grantjenks_python_sortedcontainers_2b037039bb16,real_swe_executable_anchor_controlled,medium,config_path_validation,real_swe_non_frontier,rolling_visible_carry_forward,rolling_visible_carry_forward,600,1,2026-06-19T07:59:10.725580+00:00,2026-06-19T07:59:35.046217+00:00,2026-06-19T07:59:10.725646+00:00,2026-06-19T07:59:35.041310+00:00,24.307,0c34b9d65f290c5ae1f69df62f807131b12af880fb7f25e76a971df0793a03fe,293376257a44b516eda2691daf2d27d164a2f7406b06b7e0b0ec3d4b72234016,2b8d54b172b2fe3b62220252d612c8f62cddb7b7e3ed8b9bc4d31ce97df85c30,d702e712cd306e0ee7ce6b9cc2c0fa9de29d8050d6c9124370ba7b33d8abaeb6,e8bedfcc43d6cdbce450a71a35d461f966537ebb8e4677a54d853fcc57c77fc9,5455ebac52e6b4eb9965c804dd23287f2e44a8fc451513adf963bcf5be424a96,c0e7972c42325aa42eac89da88f4160d69fe112e70ebe64ec53e5f8f3b27118e,c0e7972c42325aa42eac89da88f4160d69fe112e70ebe64ec53e5f8f3b27118e,c0e7972c42325aa42eac89da88f4160d69fe112e70ebe64ec53e5f8f3b27118e,3462c72e51bf86df6bb36b536cb2495fa0e1a53837f5e44f68234abeafe4f082,direct_provider,deepseek,https://api.deepseek.com,deepseek-v4-pro,https://api.deepseek.com/chat/completions,deepseek-v4-pro,af6dd196169070b2b926275689a75765a306d3a3b4609f6fb59a12aa968c926c,e6b81d4575f8bea2852d75a173eff1bb334fa7dd1f0729c7daf4624bc149aae6,732540d4d91cbaf77c5d80073d4d09740fd99c7f0d728d9f161b53753b90f6cd,explicit,0,4096,omitted,,omitted,,omitted,,omitted,,omitted,,omitted,,omitted,,omitted,,omitted,,False,thinking.type=disabled,ffe557f53c63f7d0f7e35f80c03f61d8b3548db9e4f51e8dda020b28a920d875,provider_not_exposed,provider_not_exposed,False,,False,False,False,disabled,,stop;stop;stop;stop;stop;stop;stop;stop,stop;stop;stop;stop;stop;stop;stop;stop,4974,1286,0,463,575,0,visible_carry_forward_compactor,rolling_visible_identifier_carry_forward_v1_ecvs_safe_visible_only,1,4,4,4,4,0,b86dbc4a0ea8b14fd6d56e4c830d026633245119fcd5fdebb9c1d913ce89a0a5,1,,1,[],"[""REQ_41_RWLXLPUN"", ""LOCK_41_NUPLX"", ""SCOPE_41_LXLPU"", ""CHECK_41_WLXLP""]",0,[],0,[],0,[],1,0,,clean,,7c423e4eabae17339b2d98330ccff6daf502d940fcf73523da548b17c20bdf8b,6368bea467722d74e8fa6479de68bfc1075ebcd0e32edd31ec6348b4c5f71791,0f2e428efe55cc73ae10a1d211933cf92831e5d568c69bbaaad5e6af51085ba7,ff953ab721c18230d6de882b6912f7fd29af58b062c26d9bad766b0075262c91,e05dc822c83e07ff801d9896a13fae9c8ab23f9966ba488da1e153d8d34ebef6,released_raw_outputs/model_outputs/_probe_ecvs_deepseek_v4pro_frontier5_realswe5_rolling_visible_carry_forward_baseline_10task_1method_3budget_1run/deepseek/rolling_visible_carry_forward__final_main_v1_41_real_swe_fresh_github_grantjenks_python_sortedcontainers_2b037039bb16__run_1__budget_600.jsonl,8,4e8dd857ff3aeea69e460bb505a402a361778807f1f4033db7256f8ca48fb8d1,b25007404cc2553faee5e6f35acb5d987946a852b1d81feab44ec2d865e3493b,2f0dc3a23dc7ab3f3126e6f4a2993a44847d90df5289c2b7c2436ea9263cd907
_probe_ecvs_deepseek_v4pro_frontier5_realswe5_rolling_visible_carry_forward_baseline_10task_1method_3budget_1run:deepseek_v4pro:rolling_visible_carry_forward:final_main_v1_42_real_swe_fresh_github_python_humanize_humanize_2968d44280a6:budget_1200:run_1,deepseek_v4pro,final_main_v1_42_real_swe_fresh_github_python_humanize_humanize_2968d44280a6,real_swe_executable_anchor_controlled,medium,schema_json_contract,real_swe_non_frontier,rolling_visible_carry_forward,rolling_visible_carry_forward,1200,1,2026-06-19T07:58:54.467488+00:00,2026-06-19T07:59:23.468666+00:00,2026-06-19T07:58:54.467605+00:00,2026-06-19T07:59:23.467323+00:00,28.987,0c34b9d65f290c5ae1f69df62f807131b12af880fb7f25e76a971df0793a03fe,7d89808157fd0513606746fa4b35f9493764ee4c120600c45e1d0d94b5b35680,2b8d54b172b2fe3b62220252d612c8f62cddb7b7e3ed8b9bc4d31ce97df85c30,7bfa597a2d2f7bca53e5f16aa01270670fff88f80c8ef48c9909e7344c3d74d9,16cf0a1e8d0dc2f4a634008ddead892ca3ca6bf9d895be42146a7c39dc487758,5455ebac52e6b4eb9965c804dd23287f2e44a8fc451513adf963bcf5be424a96,c0e7972c42325aa42eac89da88f4160d69fe112e70ebe64ec53e5f8f3b27118e,c0e7972c42325aa42eac89da88f4160d69fe112e70ebe64ec53e5f8f3b27118e,c0e7972c42325aa42eac89da88f4160d69fe112e70ebe64ec53e5f8f3b27118e,3462c72e51bf86df6bb36b536cb2495fa0e1a53837f5e44f68234abeafe4f082,direct_provider,deepseek,https://api.deepseek.com,deepseek-v4-pro,https://api.deepseek.com/chat/completions,deepseek-v4-pro,af6dd196169070b2b926275689a75765a306d3a3b4609f6fb59a12aa968c926c,e6b81d4575f8bea2852d75a173eff1bb334fa7dd1f0729c7daf4624bc149aae6,732540d4d91cbaf77c5d80073d4d09740fd99c7f0d728d9f161b53753b90f6cd,explicit,0,4096,omitted,,omitted,,omitted,,omitted,,omitted,,omitted,,omitted,,omitted,,omitted,,False,thinking.type=disabled,ffe557f53c63f7d0f7e35f80c03f61d8b3548db9e4f51e8dda020b28a920d875,provider_not_exposed,provider_not_exposed,False,,False,False,False,disabled,,stop;stop;stop;stop;stop;stop;stop;stop,stop;stop;stop;stop;stop;stop;stop;stop,5543,2039,0,701,769,0,visible_carry_forward_compactor,rolling_visible_identifier_carry_forward_v1_ecvs_safe_visible_only,1,4,4,4,4,0,ab90df0b2dddb0eb30e5b90669020d048046492e909b07a9a54d70fb4d0a77ef,1,,1,[],"[""REQ_42_B2CWM43F"", ""LOCK_42_F34MW"", ""SCOPE_42_CWM43"", ""CHECK_42_2CWM4""]",0,[],0,[],0,[],1,0,,clean,,e2232919dd4144992ff130caaf8eb9de6b83ed6dc9f6557eca84ee8fbfbed18e,3fe05f9f115afbed3405da8b2dde9776100c405639369036a6d3365f2b897e84,e6bb88944b5602dc22120dec45846c704bcdf936088c1ceb925b4735bb60cd5d,5a5000a9d2b325bccfc597f275c4e951fb277c10c502b1eb7fa9ed5aa1ef3dc6,1b708199aaea2ff19f482afd5fb6e466560feccc8b39a7983633d4fab2711c90,released_raw_outputs/model_outputs/_probe_ecvs_deepseek_v4pro_frontier5_realswe5_rolling_visible_carry_forward_baseline_10task_1method_3budget_1run/deepseek/rolling_visible_carry_forward__final_main_v1_42_real_swe_fresh_github_python_humanize_humanize_2968d44280a6__run_1__budget_1200.jsonl,8,487fb23c83ad796803113ff839413986d07e6e09fd6e9f3d566e8d6cc7af1950,f5dd14be9b12f5b84ab36f4b20b59482ec84019944f3909940966be4d1fa7d23,bb551fe0f24a4c1a35206492a5a02a3fb7bccafdbc02fcf66f341bd79de37848
_probe_ecvs_deepseek_v4pro_frontier5_realswe5_rolling_visible_carry_forward_baseline_10task_1method_3budget_1run:deepseek_v4pro:rolling_visible_carry_forward:final_main_v1_42_real_swe_fresh_github_python_humanize_humanize_2968d44280a6:budget_300:run_1,deepseek_v4pro,final_main_v1_42_real_swe_fresh_github_python_humanize_humanize_2968d44280a6,real_swe_executable_anchor_controlled,medium,schema_json_contract,real_swe_non_frontier,rolling_visible_carry_forward,rolling_visible_carry_forward,300,1,2026-06-19T07:58:44.663070+00:00,2026-06-19T07:59:02.780513+00:00,2026-06-19T07:58:44.663236+00:00,2026-06-19T07:59:02.776811+00:00,18.104,0c34b9d65f290c5ae1f69df62f807131b12af880fb7f25e76a971df0793a03fe,7d89808157fd0513606746fa4b35f9493764ee4c120600c45e1d0d94b5b35680,2b8d54b172b2fe3b62220252d612c8f62cddb7b7e3ed8b9bc4d31ce97df85c30,7bfa597a2d2f7bca53e5f16aa01270670fff88f80c8ef48c9909e7344c3d74d9,f0a104156499178a5a31b9d0d305ac0c6fe3510533891eb506ca865c374da5d3,5455ebac52e6b4eb9965c804dd23287f2e44a8fc451513adf963bcf5be424a96,c0e7972c42325aa42eac89da88f4160d69fe112e70ebe64ec53e5f8f3b27118e,c0e7972c42325aa42eac89da88f4160d69fe112e70ebe64ec53e5f8f3b27118e,c0e7972c42325aa42eac89da88f4160d69fe112e70ebe64ec53e5f8f3b27118e,3462c72e51bf86df6bb36b536cb2495fa0e1a53837f5e44f68234abeafe4f082,direct_provider,deepseek,https://api.deepseek.com,deepseek-v4-pro,https://api.deepseek.com/chat/completions,deepseek-v4-pro,af6dd196169070b2b926275689a75765a306d3a3b4609f6fb59a12aa968c926c,e6b81d4575f8bea2852d75a173eff1bb334fa7dd1f0729c7daf4624bc149aae6,732540d4d91cbaf77c5d80073d4d09740fd99c7f0d728d9f161b53753b90f6cd,explicit,0,4096,omitted,,omitted,,omitted,,omitted,,omitted,,omitted,,omitted,,omitted,,omitted,,False,thinking.type=disabled,ffe557f53c63f7d0f7e35f80c03f61d8b3548db9e4f51e8dda020b28a920d875,provider_not_exposed,provider_not_exposed,False,,False,False,False,disabled,,stop;stop;stop;stop;stop;stop;stop;stop,stop;stop;stop;stop;stop;stop;stop;stop,4267,999,0,374,149,1,visible_carry_forward_compactor,rolling_visible_identifier_carry_forward_v1_ecvs_safe_visible_only,1,4,4,4,4,0,45a0846283404968e8db47bdfc2fa88422803721e6aeca31cc0c58035a7c9e60,1,,1,[],"[""REQ_42_B2CWM43F"", ""LOCK_42_F34MW"", ""SCOPE_42_CWM43"", ""CHECK_42_2CWM4""]",0,[],0,[],0,[],1,0,,clean,,e2676a673fd9f19bb9c0d7f84231e4b3c88005e6914434a7855bac97fd2b81f4,87986d818d5236d21a3ed7bceb6e1659d31bb097f858b55d545224af9519814f,d562988086026e36c7f5570d7602b77fea85781f601a5972e4eb778581115826,47d7db10ebf1713902eee95f9e486566088b10eafa1ab1c9c96e48b3606b82f4,b1b2963c9a20d1821fe651405b3b851c38c54d390af3325a2d72e407a6c12800,released_raw_outputs/model_outputs/_probe_ecvs_deepseek_v4pro_frontier5_realswe5_rolling_visible_carry_forward_baseline_10task_1method_3budget_1run/deepseek/rolling_visible_carry_forward__final_main_v1_42_real_swe_fresh_github_python_humanize_humanize_2968d44280a6__run_1__budget_300.jsonl,8,5d4cd6c1bb2a998e6006d1b34d553ff2c58729a90f33b94fc97bbd2615427660,914afc540b48d626c89ca73f981dbc817a29f581c9ed41c97a818360ccbb1624,96fb4ea7ca7fe00c6d69f65ca3e96bc5d78baf6a35a4a1df2822f107eab00fad
_probe_ecvs_deepseek_v4pro_frontier5_realswe5_rolling_visible_carry_forward_baseline_10task_1method_3budget_1run:deepseek_v4pro:rolling_visible_carry_forward:final_main_v1_42_real_swe_fresh_github_python_humanize_humanize_2968d44280a6:budget_600:run_1,deepseek_v4pro,final_main_v1_42_real_swe_fresh_github_python_humanize_humanize_2968d44280a6,real_swe_executable_anchor_controlled,medium,schema_json_contract,real_swe_non_frontier,rolling_visible_carry_forward,rolling_visible_carry_forward,600,1,2026-06-19T07:58:45.355058+00:00,2026-06-19T07:59:08.649311+00:00,2026-06-19T07:58:45.355181+00:00,2026-06-19T07:59:08.646193+00:00,23.278,0c34b9d65f290c5ae1f69df62f807131b12af880fb7f25e76a971df0793a03fe,7d89808157fd0513606746fa4b35f9493764ee4c120600c45e1d0d94b5b35680,2b8d54b172b2fe3b62220252d612c8f62cddb7b7e3ed8b9bc4d31ce97df85c30,7bfa597a2d2f7bca53e5f16aa01270670fff88f80c8ef48c9909e7344c3d74d9,01d53fe789795f1052cca45a78a02c6e5963128e210983558ef8d63bfeff89f6,5455ebac52e6b4eb9965c804dd23287f2e44a8fc451513adf963bcf5be424a96,c0e7972c42325aa42eac89da88f4160d69fe112e70ebe64ec53e5f8f3b27118e,c0e7972c42325aa42eac89da88f4160d69fe112e70ebe64ec53e5f8f3b27118e,c0e7972c42325aa42eac89da88f4160d69fe112e70ebe64ec53e5f8f3b27118e,3462c72e51bf86df6bb36b536cb2495fa0e1a53837f5e44f68234abeafe4f082,direct_provider,deepseek,https://api.deepseek.com,deepseek-v4-pro,https://api.deepseek.com/chat/completions,deepseek-v4-pro,af6dd196169070b2b926275689a75765a306d3a3b4609f6fb59a12aa968c926c,e6b81d4575f8bea2852d75a173eff1bb334fa7dd1f0729c7daf4624bc149aae6,732540d4d91cbaf77c5d80073d4d09740fd99c7f0d728d9f161b53753b90f6cd,explicit,0,4096,omitted,,omitted,,omitted,,omitted,,omitted,,omitted,,omitted,,omitted,,omitted,,False,thinking.type=disabled,ffe557f53c63f7d0f7e35f80c03f61d8b3548db9e4f51e8dda020b28a920d875,provider_not_exposed,provider_not_exposed,False,,False,False,False,disabled,,stop;stop;stop;stop;stop;stop;stop;stop,stop;stop;stop;stop;stop;stop;stop;stop,4595,1244,0,404,516,0,visible_carry_forward_compactor,rolling_visible_identifier_carry_forward_v1_ecvs_safe_visible_only,1,4,4,4,4,0,eaad217541c7fe8a5ae9fc706ba10fd403748dcb5ddf784ade1eaf8b91cfc5b2,1,,1,[],"[""REQ_42_B2CWM43F"", ""LOCK_42_F34MW"", ""SCOPE_42_CWM43"", ""CHECK_42_2CWM4""]",0,[],0,[],0,[],1,0,,clean,,192d20b6fab209e638009380fbb75350b8ca7ed29a00691079b40ef9e70e40c0,56f59c3a38bfde33e0d6631e6a52a9b35c43cec441ef476b7dd36671b1583e03,3eed9699c95bcb568aeee38656982d4ce66e3bf46cefb73d63863d7e244cfc6d,5fb9dec595e848437107b7d56286adbaa103bded70d675f4fe4708afed77b0fe,192932a56db2ceb129e8b30f0a3fe1b550560b526c3f29a3edb342ab7a4a914b,released_raw_outputs/model_outputs/_probe_ecvs_deepseek_v4pro_frontier5_realswe5_rolling_visible_carry_forward_baseline_10task_1method_3budget_1run/deepseek/rolling_visible_carry_forward__final_main_v1_42_real_swe_fresh_github_python_humanize_humanize_2968d44280a6__run_1__budget_600.jsonl,8,efa34b32711d0c1f1d90e22c9ec051d43199d308cfbcc0991d2ff330ff580f22,c35eb82a3d7690d5ae3e5d0ddd0899d50042ce2a27bf4d5ca43a6ade393808d4,fc6dd4bae0d41acec3127b417cb5ea7e231c663d1354b3ca71f0c54d5a0e8746
_probe_ecvs_deepseek_v4pro_frontier5_realswe5_rolling_visible_carry_forward_baseline_10task_1method_3budget_1run:deepseek_v4pro:rolling_visible_carry_forward:final_main_v1_43_real_swe_fresh_github_tkem_cachetools_18e5930ced2c:budget_1200:run_1,deepseek_v4pro,final_main_v1_43_real_swe_fresh_github_tkem_cachetools_18e5930ced2c,real_swe_executable_anchor_controlled,medium,permission_file_scope,real_swe_non_frontier,rolling_visible_carry_forward,rolling_visible_carry_forward,1200,1,2026-06-19T07:59:08.312973+00:00,2026-06-19T07:59:38.348810+00:00,2026-06-19T07:59:08.313095+00:00,2026-06-19T07:59:38.343398+00:00,30.023,0c34b9d65f290c5ae1f69df62f807131b12af880fb7f25e76a971df0793a03fe,d9e9675215de871c2af384d309686cbb772789de049f42c9d1564e7d57913099,2b8d54b172b2fe3b62220252d612c8f62cddb7b7e3ed8b9bc4d31ce97df85c30,c768f371cfc52f66ed1cad659b640760266d0f35d570f68225f1714f23aa327d,07385b5ec5e2de257c69bcbbbb4142921f956c27dfd5e5bf01cd1a2940385422,5455ebac52e6b4eb9965c804dd23287f2e44a8fc451513adf963bcf5be424a96,c0e7972c42325aa42eac89da88f4160d69fe112e70ebe64ec53e5f8f3b27118e,c0e7972c42325aa42eac89da88f4160d69fe112e70ebe64ec53e5f8f3b27118e,c0e7972c42325aa42eac89da88f4160d69fe112e70ebe64ec53e5f8f3b27118e,3462c72e51bf86df6bb36b536cb2495fa0e1a53837f5e44f68234abeafe4f082,direct_provider,deepseek,https://api.deepseek.com,deepseek-v4-pro,https://api.deepseek.com/chat/completions,deepseek-v4-pro,af6dd196169070b2b926275689a75765a306d3a3b4609f6fb59a12aa968c926c,e6b81d4575f8bea2852d75a173eff1bb334fa7dd1f0729c7daf4624bc149aae6,732540d4d91cbaf77c5d80073d4d09740fd99c7f0d728d9f161b53753b90f6cd,explicit,0,4096,omitted,,omitted,,omitted,,omitted,,omitted,,omitted,,omitted,,omitted,,omitted,,False,thinking.type=disabled,ffe557f53c63f7d0f7e35f80c03f61d8b3548db9e4f51e8dda020b28a920d875,provider_not_exposed,provider_not_exposed,False,,False,False,False,disabled,,stop;stop;stop;stop;stop;stop;stop;stop,stop;stop;stop;stop;stop;stop;stop;stop,5290,1785,0,664,776,0,visible_carry_forward_compactor,rolling_visible_identifier_carry_forward_v1_ecvs_safe_visible_only,1,4,4,4,4,0,fdfb64f0bb5a319e5fe70155bc4d2ef1a2edf5b3d04e746510ed68f9cab9d45b,1,,1,[],"[""REQ_43_ZK3ZLG6P"", ""LOCK_43_P6GLZ"", ""SCOPE_43_3ZLG6"", ""CHECK_43_K3ZLG""]",0,[],0,[],0,[],1,0,,clean,,6baa056a870c3d0e1e976dc8a51cf2c126089cbbb4ba0383cbd9acb426c8180b,0e0a7cc873968c4ff5a51450dffc1f033360fdc6c745bc35133cb4823a12c8f4,8fe38275c4dad3509083611537fd41b3467647513059c1e3ab517ef37342a666,52354c85708649fbdbfe5a1fa6db8187c9abdc062ef1e180633ab4e32c5c2263,dea3116ad89bdabd1aaaab0b1e76bcc3141f2ef30d241bdcdc2f099d456d3465,released_raw_outputs/model_outputs/_probe_ecvs_deepseek_v4pro_frontier5_realswe5_rolling_visible_carry_forward_baseline_10task_1method_3budget_1run/deepseek/rolling_visible_carry_forward__final_main_v1_43_real_swe_fresh_github_tkem_cachetools_18e5930ced2c__run_1__budget_1200.jsonl,8,52d6b91f62e58f275f35734a0a2cf42807c79ead050aedf7d076cac02664f0ce,d2a625923ab8a67ef605360b0fd7f6bc064c939fbd4a1eb4ee41e5366c93da61,a636f9fa0ad20c9d6b2a6ea98006f1149d47163360e0270d04a2b6c1a91c2254
_probe_ecvs_deepseek_v4pro_frontier5_realswe5_rolling_visible_carry_forward_baseline_10task_1method_3budget_1run:deepseek_v4pro:rolling_visible_carry_forward:final_main_v1_43_real_swe_fresh_github_tkem_cachetools_18e5930ced2c:budget_300:run_1,deepseek_v4pro,final_main_v1_43_real_swe_fresh_github_tkem_cachetools_18e5930ced2c,real_swe_executable_anchor_controlled,medium,permission_file_scope,real_swe_non_frontier,rolling_visible_carry_forward,rolling_visible_carry_forward,300,1,2026-06-19T07:59:02.781901+00:00,2026-06-19T07:59:24.358693+00:00,2026-06-19T07:59:02.782073+00:00,2026-06-19T07:59:24.353074+00:00,21.559,0c34b9d65f290c5ae1f69df62f807131b12af880fb7f25e76a971df0793a03fe,d9e9675215de871c2af384d309686cbb772789de049f42c9d1564e7d57913099,2b8d54b172b2fe3b62220252d612c8f62cddb7b7e3ed8b9bc4d31ce97df85c30,c768f371cfc52f66ed1cad659b640760266d0f35d570f68225f1714f23aa327d,d5aae9b4424219bc699fb82619667f921cbf7342697ef633ebec301eb88dcca1,5455ebac52e6b4eb9965c804dd23287f2e44a8fc451513adf963bcf5be424a96,c0e7972c42325aa42eac89da88f4160d69fe112e70ebe64ec53e5f8f3b27118e,c0e7972c42325aa42eac89da88f4160d69fe112e70ebe64ec53e5f8f3b27118e,c0e7972c42325aa42eac89da88f4160d69fe112e70ebe64ec53e5f8f3b27118e,3462c72e51bf86df6bb36b536cb2495fa0e1a53837f5e44f68234abeafe4f082,direct_provider,deepseek,https://api.deepseek.com,deepseek-v4-pro,https://api.deepseek.com/chat/completions,deepseek-v4-pro,af6dd196169070b2b926275689a75765a306d3a3b4609f6fb59a12aa968c926c,e6b81d4575f8bea2852d75a173eff1bb334fa7dd1f0729c7daf4624bc149aae6,732540d4d91cbaf77c5d80073d4d09740fd99c7f0d728d9f161b53753b90f6cd,explicit,0,4096,omitted,,omitted,,omitted,,omitted,,omitted,,omitted,,omitted,,omitted,,omitted,,False,thinking.type=disabled,ffe557f53c63f7d0f7e35f80c03f61d8b3548db9e4f51e8dda020b28a920d875,provider_not_exposed,provider_not_exposed,False,,False,False,False,disabled,,stop;stop;stop;stop;stop;stop;stop;stop,stop;stop;stop;stop;stop;stop;stop;stop,4208,975,0,362,149,1,visible_carry_forward_compactor,rolling_visible_identifier_carry_forward_v1_ecvs_safe_visible_only,1,4,4,4,4,0,563554c3b3c6aefb2031f2148c41253df09f0774f25afb5f8ecb4e7480fe4c47,1,,1,[],"[""REQ_43_ZK3ZLG6P"", ""LOCK_43_P6GLZ"", ""SCOPE_43_3ZLG6"", ""CHECK_43_K3ZLG""]",0,[],0,[],0,[],1,0,,clean,,a74db627d67cd5dc2242533cadd75442d745390a83fc5cdde9e4dd4fefc7bf48,1d38fb71ded660c51fbe0f8d869aa8e05570d5b548aa552433d964a732f7b16e,afeb8c07ebb4d3a3812347d9af359f96a101284b35b4bb9b8c8a3a9d95c55db9,fe08ad1e884bd53c7465b2d16d54a8e0fc6b2b32fd2a3da8214f6ca3cd36c99e,924e549d43444376a54dfec2ec91b95dff41ee4360ab6f070888fcf12c5621d9,released_raw_outputs/model_outputs/_probe_ecvs_deepseek_v4pro_frontier5_realswe5_rolling_visible_carry_forward_baseline_10task_1method_3budget_1run/deepseek/rolling_visible_carry_forward__final_main_v1_43_real_swe_fresh_github_tkem_cachetools_18e5930ced2c__run_1__budget_300.jsonl,8,07e54445bda932cce6d1961175efe943c56d784ed4fa63a0a14b419e21e21b60,ceffc9ebaac2a662e12cd4a602f21b2876871b3796061d9db8a667ab3bc154ea,52804108325f96939cde950233c7a8df6874f4d383496d9d2723f2a678dbc949
_probe_ecvs_deepseek_v4pro_frontier5_realswe5_rolling_visible_carry_forward_baseline_10task_1method_3budget_1run:deepseek_v4pro:rolling_visible_carry_forward:final_main_v1_43_real_swe_fresh_github_tkem_cachetools_18e5930ced2c:budget_600:run_1,deepseek_v4pro,final_main_v1_43_real_swe_fresh_github_tkem_cachetools_18e5930ced2c,real_swe_executable_anchor_controlled,medium,permission_file_scope,real_swe_non_frontier,rolling_visible_carry_forward,rolling_visible_carry_forward,600,1,2026-06-19T07:59:03.377720+00:00,2026-06-19T07:59:27.447998+00:00,2026-06-19T07:59:03.377842+00:00,2026-06-19T07:59:27.443276+00:00,24.06,0c34b9d65f290c5ae1f69df62f807131b12af880fb7f25e76a971df0793a03fe,d9e9675215de871c2af384d309686cbb772789de049f42c9d1564e7d57913099,2b8d54b172b2fe3b62220252d612c8f62cddb7b7e3ed8b9bc4d31ce97df85c30,c768f371cfc52f66ed1cad659b640760266d0f35d570f68225f1714f23aa327d,6c3c0a38d59599e5b19b4e10c25fccf59b7e6673e4994329e03713eae8170c10,5455ebac52e6b4eb9965c804dd23287f2e44a8fc451513adf963bcf5be424a96,c0e7972c42325aa42eac89da88f4160d69fe112e70ebe64ec53e5f8f3b27118e,c0e7972c42325aa42eac89da88f4160d69fe112e70ebe64ec53e5f8f3b27118e,c0e7972c42325aa42eac89da88f4160d69fe112e70ebe64ec53e5f8f3b27118e,3462c72e51bf86df6bb36b536cb2495fa0e1a53837f5e44f68234abeafe4f082,direct_provider,deepseek,https://api.deepseek.com,deepseek-v4-pro,https://api.deepseek.com/chat/completions,deepseek-v4-pro,af6dd196169070b2b926275689a75765a306d3a3b4609f6fb59a12aa968c926c,e6b81d4575f8bea2852d75a173eff1bb334fa7dd1f0729c7daf4624bc149aae6,732540d4d91cbaf77c5d80073d4d09740fd99c7f0d728d9f161b53753b90f6cd,explicit,0,4096,omitted,,omitted,,omitted,,omitted,,omitted,,omitted,,omitted,,omitted,,omitted,,False,thinking.type=disabled,ffe557f53c63f7d0f7e35f80c03f61d8b3548db9e4f51e8dda020b28a920d875,provider_not_exposed,provider_not_exposed,False,,False,False,False,disabled,,stop;stop;stop;stop;stop;stop;stop;stop,stop;stop;stop;stop;stop;stop;stop;stop,4815,1201,0,537,149,0,visible_carry_forward_compactor,rolling_visible_identifier_carry_forward_v1_ecvs_safe_visible_only,1,4,3,4,4,0,563554c3b3c6aefb2031f2148c41253df09f0774f25afb5f8ecb4e7480fe4c47,1,,1,[],"[""REQ_43_ZK3ZLG6P"", ""LOCK_43_P6GLZ"", ""SCOPE_43_3ZLG6"", ""CHECK_43_K3ZLG""]",0,[],0,[],0,[],1,0,,clean,,ff5e1f4b461c7da5745b15ade9a79515fa505cbecdf3f707dbbc42f04d661838,1b8a7be7b3243e295a820e15093eb740b12f8cb340c6089c00db9fcbcb43a411,d0dbf8ad4d43fdba2943c3b320c392bf8170ab92f66ff479f4726fadc45fc1c5,5fb9e8be51b656f617cbe66473ccd779b1d19a4fdbeaf801418bdaecd6e4ade2,f5a27a522cdd4a7d33354d390f6cf30d9cc31e64fb380073a564b3f719fee6af,released_raw_outputs/model_outputs/_probe_ecvs_deepseek_v4pro_frontier5_realswe5_rolling_visible_carry_forward_baseline_10task_1method_3budget_1run/deepseek/rolling_visible_carry_forward__final_main_v1_43_real_swe_fresh_github_tkem_cachetools_18e5930ced2c__run_1__budget_600.jsonl,8,154ddc7395821caa28d8828b2e89b158f588612d51836521667289fcad53efcd,20cf35b3d4d040488a60a723552d4601658d47b2f3104f7c0114b89d4a1cf69e,07279ed996cab940a0f446b2e380d182c2f67ba0b375d6d56349a2100ceec269
_probe_ecvs_deepseek_v4pro_frontier5_realswe5_rolling_visible_carry_forward_baseline_10task_1method_3budget_1run:deepseek_v4pro:rolling_visible_carry_forward:final_main_v1_44_real_swe_fresh_github_jpadilla_pyjwt_c8ab900b831c:budget_1200:run_1,deepseek_v4pro,final_main_v1_44_real_swe_fresh_github_jpadilla_pyjwt_c8ab900b831c,real_swe_executable_anchor_controlled,hard,dependency_import_consistency,real_swe_non_frontier,rolling_visible_carry_forward,rolling_visible_carry_forward,1200,1,2026-06-19T07:58:39.267052+00:00,2026-06-19T07:59:10.725046+00:00,2026-06-19T07:58:39.267215+00:00,2026-06-19T07:59:10.723357+00:00,31.439,0c34b9d65f290c5ae1f69df62f807131b12af880fb7f25e76a971df0793a03fe,2ec351c87e7db636e065cb1ab54565df6bdda033975a41c3e3fe88954a636c6b,2b8d54b172b2fe3b62220252d612c8f62cddb7b7e3ed8b9bc4d31ce97df85c30,5a40bea2f6aff56cf0251a9521c848350d5c35a4749294432de252a86b2e97df,506c45ea0cc5acf1ae3ba01989035e70f634b538197f75ee4f380e417b7f63a0,5455ebac52e6b4eb9965c804dd23287f2e44a8fc451513adf963bcf5be424a96,c0e7972c42325aa42eac89da88f4160d69fe112e70ebe64ec53e5f8f3b27118e,c0e7972c42325aa42eac89da88f4160d69fe112e70ebe64ec53e5f8f3b27118e,c0e7972c42325aa42eac89da88f4160d69fe112e70ebe64ec53e5f8f3b27118e,3462c72e51bf86df6bb36b536cb2495fa0e1a53837f5e44f68234abeafe4f082,direct_provider,deepseek,https://api.deepseek.com,deepseek-v4-pro,https://api.deepseek.com/chat/completions,deepseek-v4-pro,af6dd196169070b2b926275689a75765a306d3a3b4609f6fb59a12aa968c926c,e6b81d4575f8bea2852d75a173eff1bb334fa7dd1f0729c7daf4624bc149aae6,732540d4d91cbaf77c5d80073d4d09740fd99c7f0d728d9f161b53753b90f6cd,explicit,0,4096,omitted,,omitted,,omitted,,omitted,,omitted,,omitted,,omitted,,omitted,,omitted,,False,thinking.type=disabled,ffe557f53c63f7d0f7e35f80c03f61d8b3548db9e4f51e8dda020b28a920d875,provider_not_exposed,provider_not_exposed,False,,False,False,False,disabled,,stop;stop;stop;stop;stop;stop;stop;stop;stop,stop;stop;stop;stop;stop;stop;stop;stop;stop,6289,2211,0,513,685,0,visible_carry_forward_compactor,rolling_visible_identifier_carry_forward_v1_ecvs_safe_visible_only,1,5,5,5,5,0,e1fc4ced20885a412f3c5546fb3a097cdc419fe3e3e040593d8e3e31a69557b2,1,,1,[],"[""REQ_44_8QQN7FPY"", ""LOCK_44_YPF7N"", ""SCOPE_44_QN7FP"", ""CHECK_44_QQN7F"", ""ANCHOR_44_N7FPY""]",0,[],0,[],0,[],1,0,,clean,,7e7e3facbe92b292f9347db65a1092c61b611b16dc64e6f5a55da5481d8d744b,c35fd12feb994e850e67efb6fd36497a3f3b78733cd476dfbe89cb3e687a0e64,736267b393cebcf13ac98cead445e390826ae2298dfbeda04b448acd38b653f2,b0a8ff226feda561003491630cedb1fa7cd3f1088d83946b38f014bfb63a619a,9b89c9d54d8288c3f04edb97aefb1487fe864adebe6da6e663c8da392f49fcd1,released_raw_outputs/model_outputs/_probe_ecvs_deepseek_v4pro_frontier5_realswe5_rolling_visible_carry_forward_baseline_10task_1method_3budget_1run/deepseek/rolling_visible_carry_forward__final_main_v1_44_real_swe_fresh_github_jpadilla_pyjwt_c8ab900b831c__run_1__budget_1200.jsonl,9,f8e6edd581d21875f1ee7c227f8f32f4eeaae807c15508c6e7dc12e55312f75f,8606adc718936e2e41ebcd6f71035fbbbc4d690dc8fa9657d821d70edefe004f,cf0a14e8e59505559bcfebceeb0784d3c276a6a7071de8eaa8dc20b0dd91d402
_probe_ecvs_deepseek_v4pro_frontier5_realswe5_rolling_visible_carry_forward_baseline_10task_1method_3budget_1run:deepseek_v4pro:rolling_visible_carry_forward:final_main_v1_44_real_swe_fresh_github_jpadilla_pyjwt_c8ab900b831c:budget_300:run_1,deepseek_v4pro,final_main_v1_44_real_swe_fresh_github_jpadilla_pyjwt_c8ab900b831c,real_swe_executable_anchor_controlled,hard,dependency_import_consistency,real_swe_non_frontier,rolling_visible_carry_forward,rolling_visible_carry_forward,300,1,2026-06-19T07:58:34.122457+00:00,2026-06-19T07:58:54.466289+00:00,2026-06-19T07:58:34.122501+00:00,2026-06-19T07:58:54.460935+00:00,20.325,0c34b9d65f290c5ae1f69df62f807131b12af880fb7f25e76a971df0793a03fe,2ec351c87e7db636e065cb1ab54565df6bdda033975a41c3e3fe88954a636c6b,2b8d54b172b2fe3b62220252d612c8f62cddb7b7e3ed8b9bc4d31ce97df85c30,5a40bea2f6aff56cf0251a9521c848350d5c35a4749294432de252a86b2e97df,ab4d8cd1fbec5fe2c896b66d5b4069b7c0b71b30438ead248f7d999ebd1d0f50,5455ebac52e6b4eb9965c804dd23287f2e44a8fc451513adf963bcf5be424a96,c0e7972c42325aa42eac89da88f4160d69fe112e70ebe64ec53e5f8f3b27118e,c0e7972c42325aa42eac89da88f4160d69fe112e70ebe64ec53e5f8f3b27118e,c0e7972c42325aa42eac89da88f4160d69fe112e70ebe64ec53e5f8f3b27118e,3462c72e51bf86df6bb36b536cb2495fa0e1a53837f5e44f68234abeafe4f082,direct_provider,deepseek,https://api.deepseek.com,deepseek-v4-pro,https://api.deepseek.com/chat/completions,deepseek-v4-pro,af6dd196169070b2b926275689a75765a306d3a3b4609f6fb59a12aa968c926c,e6b81d4575f8bea2852d75a173eff1bb334fa7dd1f0729c7daf4624bc149aae6,732540d4d91cbaf77c5d80073d4d09740fd99c7f0d728d9f161b53753b90f6cd,explicit,0,4096,omitted,,omitted,,omitted,,omitted,,omitted,,omitted,,omitted,,omitted,,omitted,,False,thinking.type=disabled,ffe557f53c63f7d0f7e35f80c03f61d8b3548db9e4f51e8dda020b28a920d875,provider_not_exposed,provider_not_exposed,False,,False,False,False,disabled,,stop;stop;stop;stop;stop;stop;stop;stop;stop,stop;stop;stop;stop;stop;stop;stop;stop;stop,4749,1136,0,365,165,1,visible_carry_forward_compactor,rolling_visible_identifier_carry_forward_v1_ecvs_safe_visible_only,1,5,5,5,5,0,476ca8a9208b9caa10394675b92faf9568948e34721645e363262afcdf3eec22,1,,1,[],"[""REQ_44_8QQN7FPY"", ""LOCK_44_YPF7N"", ""SCOPE_44_QN7FP"", ""CHECK_44_QQN7F"", ""ANCHOR_44_N7FPY""]",0,[],0,[],0,[],1,0,,clean,,a01c7972e35814a7c07fffe87aceb75d139b24eb5a1bce031d34289d3e40631c,97b834eb790721ef11429594a7b221d72c7c60911e08c8b378f18ef432c3cdeb,2d9ca04f1739b359c89925a0a0adbebb352b4785c32113ba01e087b1696e2d15,b8c8aab1283d2306f88625c789532dc06f6c5ab50b673f7433d25808c186a957,56e4b8c8a86a2c7079785dff2e6c3229a9aa70c4ca70398498397f310e24e772,released_raw_outputs/model_outputs/_probe_ecvs_deepseek_v4pro_frontier5_realswe5_rolling_visible_carry_forward_baseline_10task_1method_3budget_1run/deepseek/rolling_visible_carry_forward__final_main_v1_44_real_swe_fresh_github_jpadilla_pyjwt_c8ab900b831c__run_1__budget_300.jsonl,9,a7f8ffa9457a30250d1ec0a50b93846210c6a002a82b4fbedf3b733fe73723c1,7d56ec73ec3cd1eab422677e8985dbece44282d56d9a807cef06bdefe2be7cd2,b46c40f2bfbaf9cbae6ed43ec2d1fe54551410da5bb2b42859aacfd037dc9e46
_probe_ecvs_deepseek_v4pro_frontier5_realswe5_rolling_visible_carry_forward_baseline_10task_1method_3budget_1run:deepseek_v4pro:rolling_visible_carry_forward:final_main_v1_44_real_swe_fresh_github_jpadilla_pyjwt_c8ab900b831c:budget_600:run_1,deepseek_v4pro,final_main_v1_44_real_swe_fresh_github_jpadilla_pyjwt_c8ab900b831c,real_swe_executable_anchor_controlled,hard,dependency_import_consistency,real_swe_non_frontier,rolling_visible_carry_forward,rolling_visible_carry_forward,600,1,2026-06-19T07:58:36.016693+00:00,2026-06-19T07:58:59.327453+00:00,2026-06-19T07:58:36.016744+00:00,2026-06-19T07:58:59.323561+00:00,23.293,0c34b9d65f290c5ae1f69df62f807131b12af880fb7f25e76a971df0793a03fe,2ec351c87e7db636e065cb1ab54565df6bdda033975a41c3e3fe88954a636c6b,2b8d54b172b2fe3b62220252d612c8f62cddb7b7e3ed8b9bc4d31ce97df85c30,5a40bea2f6aff56cf0251a9521c848350d5c35a4749294432de252a86b2e97df,53d6073797854aadf5124ebc310730b3650ee41831edfc15a01a50fb9788e200,5455ebac52e6b4eb9965c804dd23287f2e44a8fc451513adf963bcf5be424a96,c0e7972c42325aa42eac89da88f4160d69fe112e70ebe64ec53e5f8f3b27118e,c0e7972c42325aa42eac89da88f4160d69fe112e70ebe64ec53e5f8f3b27118e,c0e7972c42325aa42eac89da88f4160d69fe112e70ebe64ec53e5f8f3b27118e,3462c72e51bf86df6bb36b536cb2495fa0e1a53837f5e44f68234abeafe4f082,direct_provider,deepseek,https://api.deepseek.com,deepseek-v4-pro,https://api.deepseek.com/chat/completions,deepseek-v4-pro,af6dd196169070b2b926275689a75765a306d3a3b4609f6fb59a12aa968c926c,e6b81d4575f8bea2852d75a173eff1bb334fa7dd1f0729c7daf4624bc149aae6,732540d4d91cbaf77c5d80073d4d09740fd99c7f0d728d9f161b53753b90f6cd,explicit,0,4096,omitted,,omitted,,omitted,,omitted,,omitted,,omitted,,omitted,,omitted,,omitted,,False,thinking.type=disabled,ffe557f53c63f7d0f7e35f80c03f61d8b3548db9e4f51e8dda020b28a920d875,provider_not_exposed,provider_not_exposed,False,,False,False,False,disabled,,stop;stop;stop;stop;stop;stop;stop;stop;stop,stop;stop;stop;stop;stop;stop;stop;stop;stop,5567,1401,0,423,551,0,visible_carry_forward_compactor,rolling_visible_identifier_carry_forward_v1_ecvs_safe_visible_only,1,5,5,5,5,0,2e57c6cb53d0ae2a4984a189d62b115d7a8d0da56fa3daea4512df01694814cb,1,,1,[],"[""REQ_44_8QQN7FPY"", ""LOCK_44_YPF7N"", ""SCOPE_44_QN7FP"", ""CHECK_44_QQN7F"", ""ANCHOR_44_N7FPY""]",0,[],0,[],0,[],1,0,,clean,,8d3975af8d928ba143783f8d08267d27f858c8aaff3f542f5c966e8375f4eeed,59edda900e5c5676d7c03d9e78c5c277ffa93ae3cc6fef190da77cfb91cc9e70,cc55bfa9127aa322030ed9a42cbb8f61024154af3303092ef7826182e8cbb869,c7750316856dc022818582a0c2b14c03555a3e77c198ffc9dec384d39064ebd5,56b10ac79563be9f0fc46e35ab81d30ecf38786114f35e05d08f29a834a5cc7b,released_raw_outputs/model_outputs/_probe_ecvs_deepseek_v4pro_frontier5_realswe5_rolling_visible_carry_forward_baseline_10task_1method_3budget_1run/deepseek/rolling_visible_carry_forward__final_main_v1_44_real_swe_fresh_github_jpadilla_pyjwt_c8ab900b831c__run_1__budget_600.jsonl,9,5b0d28611bde4bb827807d64fab3d376de036e7314f78378193b8337acffd8af,617a477fa414deec216029b6e87da87979a407f6a9fe9b9e38eafb15010e2e57,c353afcff8795e23f0112ceda2b6b3b077836871470e0b656db66cf32fde0033
_probe_ecvs_deepseek_v4pro_frontier5_realswe5_rolling_visible_carry_forward_baseline_10task_1method_3budget_1run:deepseek_v4pro:rolling_visible_carry_forward:final_main_v1_46_real_swe_fresh_github_jpadilla_pyjwt_0a99cc2427c7:budget_1200:run_1,deepseek_v4pro,final_main_v1_46_real_swe_fresh_github_jpadilla_pyjwt_0a99cc2427c7,real_swe_executable_anchor_controlled,hard,security_boundary,real_swe_non_frontier,rolling_visible_carry_forward,rolling_visible_carry_forward,1200,1,2026-06-19T07:59:02.200386+00:00,2026-06-19T07:59:35.479711+00:00,2026-06-19T07:59:02.200439+00:00,2026-06-19T07:59:35.476711+00:00,33.26,0c34b9d65f290c5ae1f69df62f807131b12af880fb7f25e76a971df0793a03fe,b47fdc5a29ec2e4d8ea6996db655d63858924f3324db7676d76147c4dd07e610,2b8d54b172b2fe3b62220252d612c8f62cddb7b7e3ed8b9bc4d31ce97df85c30,872ae97b64fe0ebd139c17ccd41721fa87e11f5edfa8d00f1687a9bff4411513,4792cc1f62f59c2c4e0b42b64bb6c6fb6a54637e4dc6e44bd5dbd28707aa9033,5455ebac52e6b4eb9965c804dd23287f2e44a8fc451513adf963bcf5be424a96,c0e7972c42325aa42eac89da88f4160d69fe112e70ebe64ec53e5f8f3b27118e,c0e7972c42325aa42eac89da88f4160d69fe112e70ebe64ec53e5f8f3b27118e,c0e7972c42325aa42eac89da88f4160d69fe112e70ebe64ec53e5f8f3b27118e,3462c72e51bf86df6bb36b536cb2495fa0e1a53837f5e44f68234abeafe4f082,direct_provider,deepseek,https://api.deepseek.com,deepseek-v4-pro,https://api.deepseek.com/chat/completions,deepseek-v4-pro,af6dd196169070b2b926275689a75765a306d3a3b4609f6fb59a12aa968c926c,e6b81d4575f8bea2852d75a173eff1bb334fa7dd1f0729c7daf4624bc149aae6,732540d4d91cbaf77c5d80073d4d09740fd99c7f0d728d9f161b53753b90f6cd,explicit,0,4096,omitted,,omitted,,omitted,,omitted,,omitted,,omitted,,omitted,,omitted,,omitted,,False,thinking.type=disabled,ffe557f53c63f7d0f7e35f80c03f61d8b3548db9e4f51e8dda020b28a920d875,provider_not_exposed,provider_not_exposed,False,,False,False,False,disabled,,stop;stop;stop;stop;stop;stop;stop;stop;stop,stop;stop;stop;stop;stop;stop;stop;stop;stop,6004,2057,0,695,823,0,visible_carry_forward_compactor,rolling_visible_identifier_carry_forward_v1_ecvs_safe_visible_only,1,5,5,5,5,0,9b63011343d0abc3b0ede9eaeef799f3270c4789f00ce7fbf54cb68bb4e79dc6,1,,1,[],"[""REQ_46_35AH5586"", ""LOCK_46_6855H"", ""SCOPE_46_AH558"", ""CHECK_46_5AH55"", ""ANCHOR_46_H5586""]",0,[],0,[],0,[],1,0,,clean,,e1ac52066bae16fca6396a540374b618428fa237d28f14d1ce57b5d565be0585,2de283eeeb0d107d306ee672a9cee6758165b59668ae93a587bbf9d090b5f7b8,55db35d86138381a287a33c267580705eb987c6c1f4f877b99919dc59e6dc358,449b187a6d762f434725bf0db3dbf529a096e670db7944a1586822a0e6637ca9,70fd41f63f4f30e84834297347815b25dc947aec8d765b06a91090200393a742,released_raw_outputs/model_outputs/_probe_ecvs_deepseek_v4pro_frontier5_realswe5_rolling_visible_carry_forward_baseline_10task_1method_3budget_1run/deepseek/rolling_visible_carry_forward__final_main_v1_46_real_swe_fresh_github_jpadilla_pyjwt_0a99cc2427c7__run_1__budget_1200.jsonl,9,62f0ff70701c724e64c6239bec65ea83a7bcba075b9b4538803bd22eaa35bcd3,413560fe6ff274311358b119481298f691c074046fb281f4a2d9d1729a5ff523,016d3b28fd963535c56e751c94076d4c9a542a17559359e2e9df313c6dd1349a
_probe_ecvs_deepseek_v4pro_frontier5_realswe5_rolling_visible_carry_forward_baseline_10task_1method_3budget_1run:deepseek_v4pro:rolling_visible_carry_forward:final_main_v1_46_real_swe_fresh_github_jpadilla_pyjwt_0a99cc2427c7:budget_300:run_1,deepseek_v4pro,final_main_v1_46_real_swe_fresh_github_jpadilla_pyjwt_0a99cc2427c7,real_swe_executable_anchor_controlled,hard,security_boundary,real_swe_non_frontier,rolling_visible_carry_forward,rolling_visible_carry_forward,300,1,2026-06-19T07:58:59.328409+00:00,2026-06-19T07:59:20.751696+00:00,2026-06-19T07:58:59.328524+00:00,2026-06-19T07:59:20.749584+00:00,21.406,0c34b9d65f290c5ae1f69df62f807131b12af880fb7f25e76a971df0793a03fe,b47fdc5a29ec2e4d8ea6996db655d63858924f3324db7676d76147c4dd07e610,2b8d54b172b2fe3b62220252d612c8f62cddb7b7e3ed8b9bc4d31ce97df85c30,872ae97b64fe0ebd139c17ccd41721fa87e11f5edfa8d00f1687a9bff4411513,e0a4a8ed192b525b84a81e2142b2cbe036767166fad92b5966452796cd9949a7,5455ebac52e6b4eb9965c804dd23287f2e44a8fc451513adf963bcf5be424a96,c0e7972c42325aa42eac89da88f4160d69fe112e70ebe64ec53e5f8f3b27118e,c0e7972c42325aa42eac89da88f4160d69fe112e70ebe64ec53e5f8f3b27118e,c0e7972c42325aa42eac89da88f4160d69fe112e70ebe64ec53e5f8f3b27118e,3462c72e51bf86df6bb36b536cb2495fa0e1a53837f5e44f68234abeafe4f082,direct_provider,deepseek,https://api.deepseek.com,deepseek-v4-pro,https://api.deepseek.com/chat/completions,deepseek-v4-pro,af6dd196169070b2b926275689a75765a306d3a3b4609f6fb59a12aa968c926c,e6b81d4575f8bea2852d75a173eff1bb334fa7dd1f0729c7daf4624bc149aae6,732540d4d91cbaf77c5d80073d4d09740fd99c7f0d728d9f161b53753b90f6cd,explicit,0,4096,omitted,,omitted,,omitted,,omitted,,omitted,,omitted,,omitted,,omitted,,omitted,,False,thinking.type=disabled,ffe557f53c63f7d0f7e35f80c03f61d8b3548db9e4f51e8dda020b28a920d875,provider_not_exposed,provider_not_exposed,False,,False,False,False,disabled,,stop;stop;stop;stop;stop;stop;stop;stop;stop,stop;stop;stop;stop;stop;stop;stop;stop;stop,4728,993,0,355,165,1,visible_carry_forward_compactor,rolling_visible_identifier_carry_forward_v1_ecvs_safe_visible_only,1,5,5,5,5,0,88dd1581961c958ac0d6877c7203c76b8fce66aa6d14b1b1802b6d1af1478cea,1,,1,[],"[""REQ_46_35AH5586"", ""LOCK_46_6855H"", ""SCOPE_46_AH558"", ""CHECK_46_5AH55"", ""ANCHOR_46_H5586""]",0,[],0,[],0,[],1,0,,clean,,95b071bbb9c2a2b2c3f9832cd0a4c908e6ef359aef6c6202e44ad0b2a80117a0,d1e26a0b6285dea90b541c8295a0abc91fa205cbdc8d7119226946e474245d74,d33c7f2adc640d75caf0ee74e3034e47e06e677f005e77e00602fda3bbbd3042,f4b55a3832f418ff8c5f75bf8599bbe29e9a95d0fa4b66073d1727f33332a8bc,7e2f45f94cf439f287b7c410125f204feb52b156201b1cce798eedae42e2a61e,released_raw_outputs/model_outputs/_probe_ecvs_deepseek_v4pro_frontier5_realswe5_rolling_visible_carry_forward_baseline_10task_1method_3budget_1run/deepseek/rolling_visible_carry_forward__final_main_v1_46_real_swe_fresh_github_jpadilla_pyjwt_0a99cc2427c7__run_1__budget_300.jsonl,9,b510956fbb663de531a19b21da48dc49a2b3a522a44fdd0925623d4e872bf460,cb50a74ba146fac09671794042c659768ce11531d434406a14687dd939b4c6f3,7d15d3a23fa95f03c15bdd07b0b745a2b53387bac578d275745886ed78e6e985
_probe_ecvs_deepseek_v4pro_frontier5_realswe5_rolling_visible_carry_forward_baseline_10task_1method_3budget_1run:deepseek_v4pro:rolling_visible_carry_forward:final_main_v1_46_real_swe_fresh_github_jpadilla_pyjwt_0a99cc2427c7:budget_600:run_1,deepseek_v4pro,final_main_v1_46_real_swe_fresh_github_jpadilla_pyjwt_0a99cc2427c7,real_swe_executable_anchor_controlled,hard,security_boundary,real_swe_non_frontier,rolling_visible_carry_forward,rolling_visible_carry_forward,600,1,2026-06-19T07:58:59.337234+00:00,2026-06-19T07:59:28.617815+00:00,2026-06-19T07:58:59.337358+00:00,2026-06-19T07:59:28.615319+00:00,29.27,0c34b9d65f290c5ae1f69df62f807131b12af880fb7f25e76a971df0793a03fe,b47fdc5a29ec2e4d8ea6996db655d63858924f3324db7676d76147c4dd07e610,2b8d54b172b2fe3b62220252d612c8f62cddb7b7e3ed8b9bc4d31ce97df85c30,872ae97b64fe0ebd139c17ccd41721fa87e11f5edfa8d00f1687a9bff4411513,e5a6bf6e271f6d48d5d82c2badefaf3c7078159a1fb59fd75af9dd8ec6a20da3,5455ebac52e6b4eb9965c804dd23287f2e44a8fc451513adf963bcf5be424a96,c0e7972c42325aa42eac89da88f4160d69fe112e70ebe64ec53e5f8f3b27118e,c0e7972c42325aa42eac89da88f4160d69fe112e70ebe64ec53e5f8f3b27118e,c0e7972c42325aa42eac89da88f4160d69fe112e70ebe64ec53e5f8f3b27118e,3462c72e51bf86df6bb36b536cb2495fa0e1a53837f5e44f68234abeafe4f082,direct_provider,deepseek,https://api.deepseek.com,deepseek-v4-pro,https://api.deepseek.com/chat/completions,deepseek-v4-pro,af6dd196169070b2b926275689a75765a306d3a3b4609f6fb59a12aa968c926c,e6b81d4575f8bea2852d75a173eff1bb334fa7dd1f0729c7daf4624bc149aae6,732540d4d91cbaf77c5d80073d4d09740fd99c7f0d728d9f161b53753b90f6cd,explicit,0,4096,omitted,,omitted,,omitted,,omitted,,omitted,,omitted,,omitted,,omitted,,omitted,,False,thinking.type=disabled,ffe557f53c63f7d0f7e35f80c03f61d8b3548db9e4f51e8dda020b28a920d875,provider_not_exposed,provider_not_exposed,False,,False,False,False,disabled,,stop;stop;stop;stop;stop;stop;stop;stop;stop,stop;stop;stop;stop;stop;stop;stop;stop;stop,5303,1509,0,590,165,0,visible_carry_forward_compactor,rolling_visible_identifier_carry_forward_v1_ecvs_safe_visible_only,1,5,5,5,5,0,88dd1581961c958ac0d6877c7203c76b8fce66aa6d14b1b1802b6d1af1478cea,1,,1,[],"[""REQ_46_35AH5586"", ""LOCK_46_6855H"", ""SCOPE_46_AH558"", ""CHECK_46_5AH55"", ""ANCHOR_46_H5586""]",0,[],0,[],0,[],1,0,,clean,,d95fedf2fb531a31aac1c06eec620c3eb4d9b7a1c68ec93600d847bc1d7cb2b6,6a03982239d766a272e275f1d42229b9f9236f56a63e2c2cb4b3f19969b6e5ad,edba31c49625285e388647f70f26146c8dd3fe2a7a57ff9c64a67e8a86048e3c,f5960bebd084e010c9699ad3aac143c4332970b93d676b1c8bef80aacc772066,842e16062689b37303829f295cbf10d46201bed6f52a02d7c5e78da4cbc2f54c,released_raw_outputs/model_outputs/_probe_ecvs_deepseek_v4pro_frontier5_realswe5_rolling_visible_carry_forward_baseline_10task_1method_3budget_1run/deepseek/rolling_visible_carry_forward__final_main_v1_46_real_swe_fresh_github_jpadilla_pyjwt_0a99cc2427c7__run_1__budget_600.jsonl,9,0957cecc3aafe451c1319a8888c53f525cea7ceb7f5e14815644c912c986817a,183a389c4553805aa73c1a0579aa537c26f89a9eec1a60210e79ca9a11657193,067b6f861beeefaa3a130fa6d1d334b78a19de271325596c949b78946caa1aa9
